{"sections":{"article-template":{"type":"article-template","settings":{"article_through":"By","article_cmt":"Comment","article_cmt_send":"Sending","article_cmt_done":"Done!","article_avtar_enable":false,"comment_post_limit_handle":"5","blog_sidebar_position_handle":"sticky_sidebar","sidebar_handle":"left_sidebar_handle","blog_search_bar_enable":true,"blog_search_placeholder":"Search","recent_post_enable":true,"recent_title":"Recent posts","recent_post_limit_handle":3,"blog_cat_title":"Categories","blog_cat_handle":"footer","tags_enable":true,"blog_tags_title":"Tags","blog_tags_list_limit_handle":15,"blog_new_enable":true,"blog_new_title":"Newsletter","blog_insta_enable":false,"blog_insta_title":"Instagram","insta_url1":"","insta_url2":"","insta_url3":"","insta_url4":"","insta_url5":"","insta_url6":""}}},"order":["article-template"]}