{"sections":{"shipping-policy":{"type":"shipping-policy","blocks":{"7d016594-0a87-4c42-847a-2d12a7facf65":{"type":"shipping-policy","settings":{"ship_policy_que":"Type here for question?","ship_policy_ans1":"Lorem Ipsum has been the industry's standard dummy text ever since the 1500s, when an unknown printer took a galley of type and scrambled it to make a type specimen book. It has survived not only five centuries, but also the leap into electronic typesetting, remaining essentially unchanged.","ship_policy_ans2":"Lorem Ipsum has been the industry's standard dummy text ever since the 1500s, when an unknown printer took a galley of type and scrambled it to make a type specimen book. It has survived not only five centuries, but also the leap into electronic typesetting, remaining essentially unchanged."}},"81a03d48-3637-4990-aca0-1e8a2db5479d":{"type":"shipping-policy","settings":{"ship_policy_que":"Type here for question?","ship_policy_ans1":"Lorem Ipsum has been the industry's standard dummy text ever since the 1500s, when an unknown printer took a galley of type and scrambled it to make a type specimen book. It has survived not only five centuries, but also the leap into electronic typesetting, remaining essentially unchanged.","ship_policy_ans2":"Lorem Ipsum has been the industry's standard dummy text ever since the 1500s, when an unknown printer took a galley of type and scrambled it to make a type specimen book. It has survived not only five centuries, but also the leap into electronic typesetting, remaining essentially unchanged."}},"d94a3220-1e7d-4266-9073-7c91df915155":{"type":"shipping-policy","settings":{"ship_policy_que":"Type here for question?","ship_policy_ans1":"Lorem Ipsum has been the industry's standard dummy text ever since the 1500s, when an unknown printer took a galley of type and scrambled it to make a type specimen book. It has survived not only five centuries, but also the leap into electronic typesetting, remaining essentially unchanged.","ship_policy_ans2":"Lorem Ipsum has been the industry's standard dummy text ever since the 1500s, when an unknown printer took a galley of type and scrambled it to make a type specimen book. It has survived not only five centuries, but also the leap into electronic typesetting, remaining essentially unchanged."}},"a4c3dd9c-33f7-4d66-ab4e-01f42f9b57a5":{"type":"shipping-policy","settings":{"ship_policy_que":"Type here for question?","ship_policy_ans1":"Lorem Ipsum has been the industry's standard dummy text ever since the 1500s, when an unknown printer took a galley of type and scrambled it to make a type specimen book. It has survived not only five centuries, but also the leap into electronic typesetting, remaining essentially unchanged.","ship_policy_ans2":"Lorem Ipsum has been the industry's standard dummy text ever since the 1500s, when an unknown printer took a galley of type and scrambled it to make a type specimen book. It has survived not only five centuries, but also the leap into electronic typesetting, remaining essentially unchanged."}},"dbca1672-e3a2-43ba-97c1-05d2aede22bb":{"type":"shipping-policy","settings":{"ship_policy_que":"Type here for question?","ship_policy_ans1":"Lorem Ipsum has been the industry's standard dummy text ever since the 1500s, when an unknown printer took a galley of type and scrambled it to make a type specimen book. It has survived not only five centuries, but also the leap into electronic typesetting, remaining essentially unchanged.","ship_policy_ans2":"Lorem Ipsum has been the industry's standard dummy text ever since the 1500s, when an unknown printer took a galley of type and scrambled it to make a type specimen book. It has survived not only five centuries, but also the leap into electronic typesetting, remaining essentially unchanged."}},"e95497fb-b59e-419d-803c-6e5c0b14aec9":{"type":"shipping-policy","settings":{"ship_policy_que":"Type here for question?","ship_policy_ans1":"Lorem Ipsum has been the industry's standard dummy text ever since the 1500s, when an unknown printer took a galley of type and scrambled it to make a type specimen book. It has survived not only five centuries, but also the leap into electronic typesetting, remaining essentially unchanged.","ship_policy_ans2":"Lorem Ipsum has been the industry's standard dummy text ever since the 1500s, when an unknown printer took a galley of type and scrambled it to make a type specimen book. It has survived not only five centuries, but also the leap into electronic typesetting, remaining essentially unchanged."}}},"block_order":["7d016594-0a87-4c42-847a-2d12a7facf65","81a03d48-3637-4990-aca0-1e8a2db5479d","d94a3220-1e7d-4266-9073-7c91df915155","a4c3dd9c-33f7-4d66-ab4e-01f42f9b57a5","dbca1672-e3a2-43ba-97c1-05d2aede22bb","e95497fb-b59e-419d-803c-6e5c0b14aec9"],"settings":{"ship_policy_title":"Shipping policy"}}},"order":["shipping-policy"]}