{"sections":{"contact-template":{"type":"contact-template","blocks":{"8b0a9725-41ab-4328-afbe-3cfefb9babab":{"type":"contact_info","settings":{"info_icon":"fa fa-street-view","info_title":"Address","info_des":"255 parker st.\nenglishtown, NJ 07726"}},"3d75d57c-3745-4ec3-807e-1303d31cdfdb":{"type":"contact_info","settings":{"info_icon":"fa fa-phone","info_title":"Phone","info_des":"+1234568999"}},"03701ad4-b8ed-4b0a-adae-3c8a2f2eb5bb":{"type":"contact_info","settings":{"info_icon":"fa fa-envelope","info_title":"Email","info_des":"demo@demo.com"}}},"block_order":["8b0a9725-41ab-4328-afbe-3cfefb9babab","3d75d57c-3745-4ec3-807e-1303d31cdfdb","03701ad4-b8ed-4b0a-adae-3c8a2f2eb5bb"],"settings":{"contact_us_title":"Contact us","contact_us_des":"Got a question? we had love to hear from you. send us a message and we will respond as soon as possible.","contact_us_map_enable":true,"contact_map":"<iframe src=\"https:\/\/www.google.com\/maps\/embed?pb=!1m18!1m12!1m3!1d3178.943120902953!2d-7.963813984699448!3d37.177822679872456!2m3!1f0!2f0!3f0!3m2!1i1024!2i768!4f13.1!3m3!1m2!1s0xd1ab161c81fb0ff%3A0x867380c80c46b1d!2sAmendoeira%20Organics!5e0!3m2!1sen!2spt!4v1631184615272!5m2!1sen!2spt\" width=\"100%\" height=\"450\" style=\"border:0;\" allowfullscreen=\"\" loading=\"lazy\"><\/iframe>","contact_drop_title":"Drop us message","name_placeholder":"Enter your name","email_placeholder":"Enter your emai address*","message_placeholder":"Your message here...","form_button_name":"Submit","form_btn_icon":"fa fa-arrow-right","contact_form_title":"Get in touch","contact_form_desc":"Lorem ipsum dolor sit amet, consectetur adipisicing elit. rerum earum eveniet dolorum suscipit nesciunt incidunt animi repudiandae ab at, tenetur distinctio voluptate vel illo similique."}}},"order":["contact-template"]}