{"sections":{"faq":{"type":"faq","blocks":{"98606c01-54c0-4b4b-ace2-d558a79ffebd":{"type":"accordion_area","settings":{"accordion_title":"What is lorem ipsum?","accordion_ans1":"There is something about the saree that makes a woman look dignified, glorifying and every bit stylish. a was set up in the year 2017 with a motive to offer its designer collection at competitive price and merchantable quality to its whole seller and worldwide online customer."}},"c2cc988d-dbe3-49b3-8836-c90e8849071d":{"type":"accordion_area","settings":{"accordion_title":"Why do we use it?","accordion_ans1":"There is something about the saree that makes a woman look dignified, glorifying and every bit stylish. a was set up in the year 2017 with a motive to offer its designer collection at competitive price and merchantable quality to its whole seller and worldwide online customer."}},"2100b8d4-fc66-4b64-8eec-2de512e9f742":{"type":"accordion_area","settings":{"accordion_title":"Where does it come from?","accordion_ans1":"There is something about the saree that makes a woman look dignified, glorifying and every bit stylish. a was set up in the year 2017 with a motive to offer its designer collection at competitive price and merchantable quality to its whole seller and worldwide online customer."}},"2b45772b-834e-4aac-9175-86e1e18b763f":{"type":"accordion_area","settings":{"accordion_title":"Where can I get some?","accordion_ans1":"There is something about the saree that makes a woman look dignified, glorifying and every bit stylish. a was set up in the year 2017 with a motive to offer its designer collection at competitive price and merchantable quality to its whole seller and worldwide online customer."}},"b9a4a4cc-ec0e-4f7b-93c0-8b92dabe47fa":{"type":"accordion_area","settings":{"accordion_title":"What is lorem Ipsum?","accordion_ans1":"There is something about the saree that makes a woman look dignified, glorifying and every bit stylish. a was set up in the year 2017 with a motive to offer its designer collection at competitive price and merchantable quality to its whole seller and worldwide online customer."}},"b3d36639-20bf-41ec-8837-fd68ae004350":{"type":"accordion_area","settings":{"accordion_title":"Where can i get some?","accordion_ans1":"There is something about the saree that makes a woman look dignified, glorifying and every bit stylish. a was set up in the year 2017 with a motive to offer its designer collection at competitive price and merchantable quality to its whole seller and worldwide online customer."}},"8f3768cc-61f6-47ef-b7fc-871a6015b8e4":{"type":"accordion_area","settings":{"accordion_title":"Where does it come from?","accordion_ans1":"There is something about the saree that makes a woman look dignified, glorifying and every bit stylish. a was set up in the year 2017 with a motive to offer its designer collection at competitive price and merchantable quality to its whole seller and worldwide online customer."}}},"block_order":["98606c01-54c0-4b4b-ace2-d558a79ffebd","c2cc988d-dbe3-49b3-8836-c90e8849071d","2100b8d4-fc66-4b64-8eec-2de512e9f742","2b45772b-834e-4aac-9175-86e1e18b763f","b9a4a4cc-ec0e-4f7b-93c0-8b92dabe47fa","b3d36639-20bf-41ec-8837-fd68ae004350","8f3768cc-61f6-47ef-b7fc-871a6015b8e4"],"settings":{"faq_title":"Faq's"}}},"order":["faq"]}