{"sections":{"cart-section":{"type":"cart-section","settings":{"section_padding_top":80,"section_padding_bottom":80,"section_padding_top_ipad":50,"section_padding_bottom_ipad":50,"section_padding_top_xs":50,"section_padding_bottom_xs":50,"note_heading":"Note","shipping_heading":"Shipping","shipping_calculator_enable":true,"shipping_calculator_heading":"Get shipping estimates","shipping_calculator_button_title":"Calculate shipping","shipping_calculator_respose_text1":"There are","shipping_calculator_respose_text2":"shipping rates available for","shipping_calculator_respose_text3":"starting at","shipping_calculator_respose_text4":"There is one shipping rate available for","shipping_calculator_respose_text5":"We do not ship to this destination.","shipping_calculator_calculate_at_text":"at","cart_discount_enable":true,"cart_discount_placeholder_text":"Discount code","shop_button":"Return to store","shop_button_url":"shopify:\/\/collections\/frontpage"}}},"order":["cart-section"]}