{"current":{"color_primary":"#7aa32a","color_secondary":"#333333","body_text_color":"#808080","color_body_bg":"#fff","heading_text_color":"#333333","body_font_handle":"poppins_n4","body_custom_font_handle_enable":true,"body_custom_font_handle":"Figtree","body_custom_font_weight":400,"body_font_size":16,"header_font_handle":"mono","header_custom_font_handle_enable":true,"header_custom_font_handle":"Figtree","header_custom_font_weight":600,"paragraph_font_handle":"poppins_n4","paragraph_custom_font_handle_enable":true,"paragraph_custom_font_handle":"Figtree","paragraph_font_line_height":30,"other_font_handle":"poppins_n6","other_custom_font_handle_enable":true,"other_custom_font_handle":"Marcellus","enable_rtl":false,"enable_box":false,"body_bgcolor_enable":true,"body_bgcolor":"#f8f8f8","body_bgimg":"shopify:\/\/shop_images\/box-bg.png","body_bgimg_enable":true,"body_boxshadow_enable":true,"google_analytic_enable":true,"google_tracking_id":"UA-110326897-1","logo_header_max_width":120,"logo_header":"shopify:\/\/shop_images\/logo.png","logo_footer":"shopify:\/\/shop_images\/logo.png","favicon":"shopify:\/\/shop_images\/favicon_dbbdd964-343e-4c1f-ab35-a8ed8a654f84.png","newsletter_popup_enable":true,"newsletter_bg_img":"shopify:\/\/shop_images\/news-bg_2_13793b84-07b8-4518-bd10-29942306d8b0.jpg","newletter_popup_title":"Become a subscriber","newsletter_text":"Subscribe to get the notification of latest posts","email_placeholder":"Your email address","newsletter_button_name":"Subscribe","payment_picker":"visa, paypal, master, american_express,maestro","second_title":"Sec","image_ratio":"adapt","enable_hover_product":true,"cart_type":"drawer","show_cart_note":true,"is_free_shipping_bar":true,"promote_free_shipping_txt":"Spend [value] more and get free shipping!","quickview_enable":true,"breadcrumb_banner_enable":true,"breadcrumb_banner_image":"shopify:\/\/shop_images\/breadcrumb.jpg","breadcrumb_padding":30,"breadcrumb_padding_xs":30,"breadcrumb_banner_bg":"rgba(0,0,0,0)","breadcrumb_banner_overlay_color":"#000000","breadcrumb_banner_opacity":0.2,"breadcurmb_page_title_color":"#ffffff","social_icon_1_name":"fa fa-whatsapp","social_icon_1_link":"https:\/\/www.whatsapp.com","social_icon_2_name":"fa fa-facebook-f","social_icon_2_link":"https:\/\/web.facebook.com","social_icon_3_name":"fa fa-twitter","social_icon_3_link":"https:\/\/twitter.com","social_icon_4_name":"fa fa-instagram","social_icon_4_link":"https:\/\/www.instagram.com","social_icon_5_name":"fa fa-pinterest-p","social_icon_5_link":"https:\/\/pinterest.com","social_icon_6_name":"fa fa-youtube","social_icon_6_link":"https:\/\/www.youtube.com","wishlist_page_url":"shopify:\/\/pages\/wishlist","wishlist_enable":true,"blog_read_btn":"Read more","blog_image_ratio":"portrait","login_sub_text":"Please login below account detail","dnt_acc_title":"Don't have an account?","acc_opacity":0.1,"log_term_con_syn":"*","log_term_con_text":"Terms & conditions.","log_pri_pol_desc":"Your privacy and security are important to us. For more information on how we use your data read our","log_pri_pol_text":"privacy policy","register_sub_text":"Please register below account detail","alredy_acc_title":"Already an account holder?","customer_logout_title":"Logout","section_padding_top":80,"section_padding_bottom":80,"section_padding_top_xs":40,"section_padding_bottom_xs":40,"checkout_logo_image":"shopify:\/\/shop_images\/logo-1.svg","checkout_logo_position":"left","checkout_logo_size":"medium","checkout_body_background_color":"#fff","checkout_input_background_color_mode":"white","checkout_sidebar_background_color":"#fafafa","checkout_heading_font":"-apple-system, BlinkMacSystemFont, 'Segoe UI', Roboto, Helvetica, Arial, sans-serif, 'Apple Color Emoji', 'Segoe UI Emoji', 'Segoe UI Symbol'","checkout_body_font":"-apple-system, BlinkMacSystemFont, 'Segoe UI', Roboto, Helvetica, Arial, sans-serif, 'Apple Color Emoji', 'Segoe UI Emoji', 'Segoe UI Symbol'","checkout_accent_color":"#f5ab1e","checkout_button_color":"#f5ab1e","checkout_error_color":"#e32c2b","active_breadcurmb_page_title_color":"#80bb01","breadcurmb_title_color":"#ffffff","breadcrumb_padding_bottom_xs":"15","breadcrumb_padding_top":"30","breadcrumb_padding_bottom":"30","breadcrumb_padding_top_xs":"15","newsletter_img":"shopify:\/\/shop_images\/logo_e54c12d1-8d9f-454a-af8a-0978cedf2584.png","search_title":"Search","blog_search_placeholder":"Search blog","archive_title":"Archive","recent_title":"Recent post","recent_post_limit_handle":"5","blog_tags_title":"Tags","blog_tags_list_limit_handle":"15","logo_header_svg_url":"logo-1.svg","logo_footer_svg_url":"logo-1.svg","show_vendor":true,"cart_drawer_collection":"bagel","wishlit_title":"Wishlist","add_wishlit_title":"Add wishlist","loading_wishlist":"Loding..","remove_wishlit_title":"Remove from wishlist","go_to_wishlit_title":"Go to wishlist","wishlist_empty_title1":"Your","wishlist_empty_title2":"wishlist","wishlist_empty_title3":"is currently","wishlist_empty_title4":"empty!","login_request_title":"Please login your account","topbar_notification_enable":true,"notification_text":"<span>Free shipping<\/span> orders from all item","notification_bg_color":"#232323","empty_cart":"No products in the cart.","cart_desc1":"There are","cart_desc2":"products","cart_sub_total":"Sub total:","cart_view":"View cart","cart_checkout":"Checkout","cart_button_title":"Add to cart","unavailable_title":"Sold out","soldout_button_title":"Sold out","product_quickview_enalbe":true,"categories_title":"Categories","categories_list_limit_hanlde":"50","wishlist_type":"1","review_app":"shopify-app","notification_text_color":"#fff","topbar_color_1":"rgba(0,0,0,0)","topbar_color_2":"rgba(0,0,0,0)","notification_overlay_color":"rgba(0,0,0,0)","notification_overlay_opacity":0,"notificaction_button_bg_color":"#ffffff","notificaction_button_border_color":"rgba(0,0,0,0)","notificaction_button_color":"#000000","notificaction_button_hover_bg_color":"#d92542","notificaction_button_hover_border_color":"rgba(0,0,0,0)","notificaction_button_hover_color":"#ffffff","notificaction_close_button_border_color":"rgba(0,0,0,0)","notificaction_close_button_color":"#ffffff","notificaction_close_button_hover_bg_color":"rgba(0,0,0,0)","notificaction_close_button_hover_border_color":"rgba(0,0,0,0)","notificaction_close_button_hover_color":"#ffffff","show_symbol":false,"show_iso_code":false,"show_flag":false,"newsletter_action":"","one_day_popup_enable":true,"new_title":"New","sale_title":"Sale","soldout_title":"Soldout","sale_percent_enable":true,"newsletter_overlay_bgcolor":"#ffffff","newsletter_overlay_opacicty":0.3,"popup_newsletter_title_color":"#232323","popup_newsletter_description_color":"#000000","input_fild_border_color":"#eee","input_fild_color":"#222222","custom_page_margin_top":"100","custom_page_margin_bottom":"100","section_margin_top_xs":"70","section_margin_bottom_xs":"70","affiliate_cart_button_title":"","successfull_note":"Added to cart successfully!","view_cart_button2":"View cart","desc_text_404":"Sorry but the page you are looking for does not exist, have been removed, name changed or is temporarity unavailable.","button_title":"Go to home page","button_url":"\/","review_switch":false,"review_enable":true,"vendors_title":"Vendors","vendors_list_limit_hanlde":"50","types_title":"Products Types","types_list_limit_hanlde":"50","tags_title":"Tags","tags_list_limit_hanlde":"50","best_product__title":"Best product","best_product_limit_hanlde5":"3","heading_404":"404","sub_text_404":"PAGE NOT BE FOUND","button_name":"Subscribe","newsletter_button_bg_color":"#d92542","newsletter_button_color":"#ffffff","newsletter_button_hover_bg_color":"#232323","newsletter_button_hover_color":"#fff","close_icon_color":"#ffffff","recent_post_title":"Recent post","wishlist_empty_title":"Your wishlist is currently empty!","notification_overlay_rgb_colo":"#000000","notification_overlay_rgb_color":"0, 0, 0","paragraph_font":"raleway_n4","body_font":"alfie_n4","type_header_font":"abril_fatface_n4","heading_font":"alfie_n4","breadcrumb_banner_image_enable":false,"cart_notes_enable":true,"cart_vendor_enable":false,"logo_use_image":false,"logo_max_width":"450","favicon_enable":false,"color_body_text":"#333333","color_footer_bg":"#f2f2f2","color_footer_text":"#636363","footer_newsletter_enable":true,"footer_social_enable":true,"sections":{"header":{"type":"header","settings":{"sitcky_switch":true,"header_bgcolor":"#ffffff","header_bottom_bgcolor":"#fbf7f3","main_menu_selected":"main-menu","searchbar_checkbox":true,"wishlist_checkbox":true,"service_enable":true,"service_icon":"<i class=\"feather-phone-call\"><\/i>","service_title":"Call now :","service_desc":"+2600 0500 2600","service_url":"tel:+2600 0500 2600","service_icon2":"<i class=\"feather-mail\"><\/i>","service_title2":"Email now :","service_desc2":"Info@gmail.com","service_url2":"mailto:Info@gmail.com","offer_text":"Free express shipping on orders <span>$28.00 !<\/span>","enable_country_selector":false,"enable_language_selector":false}},"footer":{"type":"footer","blocks":{"footer_menu_CMTQhL":{"type":"footer_menu","settings":{"footer_menu_title":"My account","footer_menu_handle":"footer-men4"}},"footer_menu_6Vb8z7":{"type":"footer_menu","settings":{"footer_menu_title":"Services","footer_menu_handle":"footer-menu2"}},"footer_menu_M4pf9b":{"type":"footer_menu","settings":{"footer_menu_title":"Privacy & terms","footer_menu_handle":"footer-menu3"}},"footer_menu_K7gXRP":{"type":"footer_menu","settings":{"footer_menu_title":"Top categories","footer_menu_handle":"footer"}}},"block_order":["footer_menu_CMTQhL","footer_menu_6Vb8z7","footer_menu_M4pf9b","footer_menu_K7gXRP"],"settings":{"section_padding_top":80,"section_padding_bottom":80,"section_padding_top_xs":50,"section_padding_bottom_xs":50,"foot_bgcolor":"#fbf8f3","logo_about":"It uses a dictionary of over 200 latin words, combined with a handful of model sentence structures","social_enable":true,"social_title":"Followed by :"}},"1537075194786":{"type":"slider","blocks":{"1577278982741":{"type":"slide","settings":{"slider_img":"shopify:\/\/shop_images\/slider1_e1895e52-60f4-4653-a343-166b5c71064b.jpg","slider_mobile_img":"shopify:\/\/shop_images\/mobile-slider-17-1.jpg","mobile_text_enable":false,"slider_title":"Grocery standard <span>dry-fruits<\/span>","slider_title_color":"#fafafa","slider_desc":"Only <span>$29.00<\/span> ~ $32.00","slider_desc_color":"#ffffff","slider_button":"Shop now","slider_button_url":"shopify:\/\/collections\/fruits","slider_content_position":"left","slider_text_position":"left","dott_title":""}},"1579843866511":{"type":"slide","settings":{"slider_img":"shopify:\/\/shop_images\/slider-17-2.jpg","slider_mobile_img":"shopify:\/\/shop_images\/mobile-slider-17-2.jpg","mobile_text_enable":false,"slider_title":"Sweeter with corn <span>dry-grain <\/span>","slider_title_color":"#ffffff","slider_desc":"Only <span>$29.00<\/span> ~ $32.00","slider_desc_color":"#ffffff","slider_button":"Shop now","slider_button_url":"shopify:\/\/collections\/cat2","slider_content_position":"left","slider_text_position":"left","dott_title":""}},"1592479123765":{"type":"slide","settings":{"slider_img":"shopify:\/\/shop_images\/slider-17-3.jpg","slider_mobile_img":"shopify:\/\/shop_images\/mobile-slider-17-3.jpg","mobile_text_enable":false,"slider_title":"Great cooking<span>spices<\/span>","slider_title_color":"#ffffff","slider_desc":"Only <span>$29.00<\/span> ~ $32.00","slider_desc_color":"#ffffff","slider_button":"Shop now","slider_button_url":"shopify:\/\/collections\/fast-foods","slider_content_position":"left","slider_text_position":"left","dott_title":""}}},"block_order":["1577278982741","1579843866511","1592479123765"],"settings":{"slider_autoplay_enable":true,"slider_autoplay_timeout":5000,"slider_autoplay_speed":1000,"arrow_enable":true,"dots_enable":false,"dotts_color":"#475476"}},"counter-up":{"type":"counter-up","blocks":{"1537597842798":{"type":"single_item","settings":{"counter_number":"21","counter_main_text_color":"#cf3333","counter_title":"Years In Business","counter_text_color":"#ffffff"}},"1537597845293":{"type":"single_item","settings":{"counter_number":"210","counter_main_text_color":"#ffffff","counter_title":"Clients And Partners","counter_text_color":"#ffffff"}},"1537597873829":{"type":"single_item","settings":{"counter_number":"18","counter_main_text_color":"#ffffff","counter_title":"Show Room","counter_text_color":"#ffffff"}},"1537597889189":{"type":"single_item","settings":{"counter_number":"17","counter_main_text_color":"#ffffff","counter_title":"Billon Sales","counter_text_color":"#ffffff"}}},"block_order":["1537597842798","1537597845293","1537597873829","1537597889189"],"settings":{"counter_bgcolor_check":true,"counter_bgcolor":"#f5ab1e"}},"brand-logo":{"type":"brand-logo","blocks":{"1578114441052":{"type":"single_brand","settings":{"brand_image":"shopify:\/\/shop_images\/l7.jpg"}},"1578114454082":{"type":"single_brand","settings":{"brand_image":"shopify:\/\/shop_images\/l5.jpg"}},"1578114460303":{"type":"single_brand","settings":{"brand_image":"shopify:\/\/shop_images\/l6.jpg"}},"1578114465107":{"type":"single_brand","settings":{"brand_image":"shopify:\/\/shop_images\/l3.jpg"}},"1578114470202":{"type":"single_brand","settings":{"brand_image":"shopify:\/\/shop_images\/l8.jpg"}},"1578114474951":{"type":"single_brand","settings":{"brand_image":"shopify:\/\/shop_images\/l1.jpg"}},"1584020580960":{"type":"single_brand","settings":{"brand_image":"shopify:\/\/shop_images\/l1.jpg"}}},"block_order":["1578114441052","1578114454082","1578114460303","1578114465107","1578114470202","1578114474951","1584020580960"],"settings":{}},"1574845177859":{"type":"brand-logo","blocks":{"1574845177859-1":{"type":"single_brand","settings":{"brand_image":"shopify:\/\/shop_images\/brand-logo-17-1.png","brand_url":"shopify:\/\/collections\/fast-foods"}},"1574845177859-4":{"type":"single_brand","settings":{"brand_image":"shopify:\/\/shop_images\/brand-logo-17-2.png","brand_url":"shopify:\/\/collections\/fast-foods"}},"1574846086568":{"type":"single_brand","settings":{"brand_image":"shopify:\/\/shop_images\/brand-logo-17-3.png","brand_url":"shopify:\/\/collections\/fast-foods"}},"1576221299167":{"type":"single_brand","settings":{"brand_image":"shopify:\/\/shop_images\/brand-logo-17-4.png","brand_url":"shopify:\/\/collections\/fast-foods"}},"1576224901082":{"type":"single_brand","settings":{"brand_image":"shopify:\/\/shop_images\/brand-logo-17-5.png","brand_url":"shopify:\/\/collections\/fast-foods"}},"1577970074916":{"type":"single_brand","settings":{"brand_image":"shopify:\/\/shop_images\/brand-logo-17-6.png","brand_url":"shopify:\/\/collections\/fast-foods"}}},"block_order":["1574845177859-1","1574845177859-4","1574846086568","1576221299167","1576224901082","1577970074916"],"settings":{"section_padding_top":80,"section_padding_bottom":80,"section_padding_top_xs":50,"section_padding_bottom_xs":50,"loop":true,"autoplay":true,"autoplay_time":3000,"offer_text":"Celebrate <span>black friday<\/span> with a sweet indulgence !","offer_text2":"Vegist grocery store don't miss ! <span>USE CODE:<\/span> FW20","circle_text":"Vegist grocery store • 100% organic food • 30% off •"}},"1580272775130":{"type":"blog-home","settings":{"section_padding_top":80,"section_padding_bottom":80,"section_padding_top_xs":50,"section_padding_bottom_xs":50,"blog_title":"Positive <span>for story <\/span>","blog_bgcolor":"#ffffff","blog_view_btn":"","blog_view_btn_url":"shopify:\/\/blogs\/news","blog":"dry-food","loop":false,"autoplay":false,"autoplay_time":5000}},"copyright":{"type":"copyright","settings":{"foot_bt_padding_top":15,"foot_bt_padding_bottom":15,"copy_right_text":"Copyright © {{ 'now' | date: '%Y' }} by spacingtech","social_media_enable":false,"copyright_switch":true,"paymrnt_switch":false}},"1588572467928":{"type":"testimonial","blocks":{"1588572481048":{"type":"single_slide","settings":{"testi_authrtitle":"Ginger Plant","testi_authrbio":"Store customer","testi_desc":"The point of using lorem Ipsum is that it has a or a \nless normal distribution of letters, as opposed to is \nusing making it look like !","authr_img":"shopify:\/\/shop_images\/testi-17-1.jpg"}},"1588580374148":{"type":"single_slide","settings":{"testi_authrtitle":"Anne Thurium","testi_authrbio":"Store customer","testi_desc":"All the generators on the internet tend to repeat a\npredefined chunks as naecessary, making this the \nfirst true generator !","authr_img":"shopify:\/\/shop_images\/testi-17-2.jpg"}},"1588580581369":{"type":"single_slide","settings":{"testi_authrtitle":"Paige Turner","testi_authrbio":"Store customer","testi_desc":"It was popularised in the 1960s with the release is\nletraset sheets containing passages, and more are \nrecently with desktop !","authr_img":"shopify:\/\/shop_images\/testi-17-3.jpg"}}},"block_order":["1588572481048","1588580374148","1588580581369"],"settings":{"container":"normal","section_padding_top":80,"section_padding_bottom":80,"section_padding_top_ipad":50,"section_padding_bottom_ipad":50,"section_padding_top_xs":50,"section_padding_bottom_xs":50,"section_bg_color":"rgba(0,0,0,0)","section_bg_enable":false,"section_title":"Happy clients <span>love<\/span>"}},"1589980286553":{"type":"banner-grid","blocks":{"1589980286553-0":{"type":"full_width_banner","settings":{"banner_img":"shopify:\/\/shop_images\/banner1_bbf2e6d0-8e6c-471e-ac6b-cb5fb159405c.jpg","text_color":"#ffffff","banner_title":"A favorite  <span>grocery’s !<\/span>","banner_button_text":"Shop now","btn_txt_color":"#ffffff","btn_txt_hvr_color":"#ffffff","btn_bg_color":"#333333","btn_bg_hvr_color":"#d33b3b","banner_url":"shopify:\/\/collections\/cat2"}},"1589980286553-1":{"type":"full_width_banner","settings":{"banner_img":"shopify:\/\/shop_images\/banner2_b6811ba8-f142-44ad-947b-8e03f55f2e94.jpg","text_color":"#ffffff","banner_title":"It’s grocery <span>is always !<\/span>","banner_button_text":"Shop now","btn_txt_color":"#ffffff","btn_txt_hvr_color":"#ffffff","btn_bg_color":"#333333","btn_bg_hvr_color":"#7aa32a","banner_url":"shopify:\/\/products\/children-formal-shirt"}}},"block_order":["1589980286553-0","1589980286553-1"],"settings":{"section_padding_top":80,"section_padding_bottom":0,"section_padding_top_xs":50,"section_padding_bottom_xs":0}},"1592546363457":{"type":"newsletter","settings":{"section_padding_top":80,"section_padding_bottom":80,"section_padding_top_xs":50,"section_padding_bottom_xs":50,"section_bg_color":"#fbf8f3","newsletter_title":"Our subscribe newsletter","sub_title":"And receive 20% off coupon for first shopping","icon_img":"shopify:\/\/shop_images\/icon1_0d185329-57f6-4a1e-b600-be3bd1f55cf2.png","thanks_title":"Thank you for subscribing use the VEGIST20 code to get a discount on the first purchase.","email_placeholder":"Enter your email address","button_title":"Subscribe","app_title":"Mobile app store","app_sub_title":"Check promotions,which are available in.","icon_img2":"shopify:\/\/shop_images\/icon2_3a705fcc-6134-42b9-aa6b-2cad5d2b5218.png","app_img_url":"","app_img":"shopify:\/\/shop_images\/app-img.png"}},"1658919881bbfc3a52":{"type":"slider-category","blocks":{"1592908194167":{"type":"slider_category","settings":{"slider_category_handle":"cat1","collection_img":"shopify:\/\/shop_images\/cate-17-1.png"}},"1592976896463":{"type":"slider_category","settings":{"slider_category_handle":"cat4","collection_img":"shopify:\/\/shop_images\/cate-17-2.png"}},"1592977356788":{"type":"slider_category","settings":{"slider_category_handle":"cat5","collection_img":"shopify:\/\/shop_images\/cate-17-3.png"}},"1592909177129":{"type":"slider_category","settings":{"slider_category_handle":"cat3","collection_img":"shopify:\/\/shop_images\/cate-17-4.png"}},"1592977369835":{"type":"slider_category","settings":{"slider_category_handle":"cat8","collection_img":"shopify:\/\/shop_images\/cate-17-5.png"}},"1592977375254":{"type":"slider_category","settings":{"slider_category_handle":"cat6","collection_img":"shopify:\/\/shop_images\/cate-17-7.png"}}},"block_order":["1592908194167","1592976896463","1592977356788","1592909177129","1592977369835","1592977375254"],"settings":{"section_padding_top":80,"section_padding_bottom":80,"section_padding_top_xs":50,"section_padding_bottom_xs":50,"section_bg_color":"rgba(0,0,0,0)","slider_cat_title":"Shop by <span>category<\/span>","loop":true,"autoplay":true,"autoplay_time":5000,"item_enable":true,"products_title":"Product"}},"1658922644df109788":{"type":"new-product","settings":{"section_padding_top":80,"section_padding_bottom":80,"section_padding_top_xs":50,"section_padding_bottom_xs":50,"section_bg_color":"#fbf8f3","section_title":"Trending <span>products<\/span>","category_product_limit_handle":10,"label_product":"beans","loop":true,"autoplay":true,"autoplay_time":5000,"category_special_button_text":"All products"}},"1658923746ddf87aa7":{"type":"deal-banner","settings":{"container":"fluid","section_padding_top":80,"section_padding_bottom":80,"section_padding_top_lg":50,"section_padding_bottom_lg":50,"section_padding_top_xs":50,"section_padding_bottom_xs":50,"bg_img":"shopify:\/\/shop_images\/banner-bg.jpg","bg_img_enable":true,"banner_img":"shopify:\/\/shop_images\/banner-bg-img_26e38d67-08aa-4f17-ab6b-29626922eed3.png","section_bg_color":"rgba(0,0,0,0)","banner_sub_title":"100% natural item","banner_sub_title_color":"#222222","banner_sub_title_color_bg":"#fff330","banner_title":"The organically <span>grocery store !<\/span>","banner_title_color":"#ffffff","banner_url":"","shop_now":"Shop now","btn_txt_color":"#ffffff","btn_txt_hvr_color":"#ffffff","btn_bg_color":"#333333","btn_bg_hvr_color":"#d33b3b"}},"top-nocification-bar":{"type":"top-nocification-bar","settings":{"notification_bg_color":"#232323","notification_txt_color":"#ffffff","topbar_notification_text1":"<p> <\/p>","topbar_notification_text2":"<p><strong>Free shipping<\/strong> orders from all item<\/p>","enable_country_selector":false,"enable_language_selector":false}},"marquee_section_GAyFhV":{"type":"marquee-section","blocks":{"text_HBFhbt":{"type":"text","settings":{"offer_text":"<p>Instant discount code 20% off <strong>VEG3Y5<\/strong><\/p>"}},"text_bAtK97":{"type":"text","settings":{"offer_text":"<p>Summer sale discount <strong>50%<\/strong> off<\/p>"}},"text_NWfzPD":{"type":"text","settings":{"offer_text":"<p>Best grocery store collection of 2023   <\/p>"}},"text_fRyDzR":{"type":"text","settings":{"offer_text":"<p>Sale up to <strong>30% off<\/strong> on new arrivals<\/p>"}}},"block_order":["text_HBFhbt","text_bAtK97","text_NWfzPD","text_fRyDzR"],"settings":{"section_padding_top":30,"section_padding_bottom":30,"section_padding_top_ip":30,"section_padding_bottom_ip":30,"section_padding_top_xs":30,"section_padding_bottom_xs":30,"section_bg_img_enable":false,"section_bg_color":"rgba(0,0,0,0)","notification_txt_color":"#333333"}},"section_border_txWjiz":{"type":"section-border","settings":{"border_width":"full","border_bg_color":"rgba(0,0,0,0)","border":1,"border_color":"#222222","border_color_opacity":0.1}},"our_services_8FdcqX":{"type":"our-services","blocks":{"our_services_gmd3Ji":{"type":"our_services","settings":{"icon_img":"shopify:\/\/shop_images\/ser1.png","service_url":"","service_title":"Free delivary","service_desc":"Orders from all item"}},"our_services_LktDCK":{"type":"our_services","settings":{"icon_img":"shopify:\/\/shop_images\/ser2.png","service_url":"","service_title":"Return & refund","service_desc":"Money back guarantee"}},"our_services_pdLXFp":{"type":"our_services","settings":{"icon_img":"shopify:\/\/shop_images\/ser3.png","service_url":"","service_title":"Customer support","service_desc":"Alway online live 24\/7"}},"our_services_UarjJc":{"type":"our_services","settings":{"icon_img":"shopify:\/\/shop_images\/ser4_e42d90a9-eb00-4d02-8d1e-a78fc171a96f.png","service_url":"","service_title":"Join newslleter","service_desc":"20% off by subscribing"}}},"block_order":["our_services_gmd3Ji","our_services_LktDCK","our_services_pdLXFp","our_services_UarjJc"],"settings":{"our_ser_padding_top":80,"our_ser_padding_bottom":80,"our_ser_padding_top_ipad":50,"our_ser_padding_bottom_ipad":50,"our_ser_padding_top_xs":50,"our_ser_padding_bottom_xs":50,"our_ser_bgcolor":"rgba(0,0,0,0)","section_sub_title":"","section_title":"","grid_option":"4"}},"section_border_37GCVc":{"type":"section-border","settings":{"border_width":"normal","border_bg_color":"rgba(0,0,0,0)","border":1,"border_color":"#222222","border_color_opacity":0.1}},"deal_product_dRKcrR":{"type":"deal-product","settings":{"section_padding_top":80,"section_padding_bottom":80,"section_padding_top_xs":50,"section_padding_bottom_xs":50,"section_bg_color":"#fbf8f3","section_title":"Deal of <span>the day<\/span>","category_product_limit_handle":12,"label_product":"dry-fruits","loop":false,"autoplay":false,"autoplay_time":5000,"category_special_button_text":"All products"}},"section_border_hK9pLF":{"type":"section-border","settings":{"border_width":"normal","border_bg_color":"rgba(0,0,0,0)","border":1,"border_color":"#222222","border_color_opacity":0.1}},"section_border_nN9zXV":{"type":"section-border","settings":{"border_width":"normal","border_bg_color":"#fbf8f3","border":1,"border_color":"#222222","border_color_opacity":0.1}}},"content_for_index":["1537075194786","marquee_section_GAyFhV","section_border_txWjiz","1589980286553","1658919881bbfc3a52","1658922644df109788","1658923746ddf87aa7","our_services_8FdcqX","section_border_37GCVc","1588572467928","deal_product_dRKcrR","1574845177859","section_border_hK9pLF","1580272775130","1592546363457","section_border_nN9zXV"],"blocks":{"14060646107696862457":{"type":"shopify:\/\/apps\/judge-me-reviews\/blocks\/judgeme_core\/61ccd3b1-a9f2-4160-9fe9-4fec8413e5d8","disabled":false,"settings":{}}}},"presets":{"Default":{"cart_notes_enable":true,"color_body_bg":"#fff","color_body_text":"#333333","color_footer_bg":"#f2f2f2","color_footer_social_link":"#bbbbbb","color_footer_text":"#636363","color_primary":"#747474","color_secondary":"#bbb","favicon_enable":false,"footer_newsletter_enable":true,"footer_social_enable":true,"logo_use_image":false}}}