{"sections":{"about-template":{"type":"about-template","blocks":{"3f4f1fdf-0e2b-47fc-881c-2eaa8e9ba639":{"type":"about-description","settings":{"about_banner_des":"Lorem Ipsum is simply dummy text of the printing and typesetting industry. lorem Ipsum has been the industry's standard dummy text ever since the 1500s, when an unknown printer took a galley of type and scrambled it to make a type specimen book. It has survived not only five centuries"}},"3a420c93-22e8-4d02-8658-663ac3b15a3f":{"type":"about-description","settings":{"about_banner_des":"but also the leap into electronic typesetting, remaining essentially unchanged. It was popularised in the 1960s with the release of letraset sheets containing lorem Ipsum passages, and more recently with"}},"5898d2ab-8eac-462b-aad4-06d656487504":{"type":"about-description","settings":{"about_banner_des":"It is a long established fact that a reader will be distracted by the readable content of a page when looking at its layout. the point of using lorem Ipsum is that it has a more-or-less normal distribution of letters, as opposed to using"}},"1e2f5218-b29d-4503-8638-dcb92a1a197c":{"type":"about-description","settings":{"about_banner_des":"Content here, content here', making it look like readable english. many desktop publishing packages and web page editors now use lorem Ipsum as their default model text, and a search for 'lorem ipsum' will uncover many web sites still in their infancy."}},"0962d391-f118-41e7-ad58-770deb65faee":{"type":"about-description","settings":{"about_banner_des":"Contrary to popular belief, lorem Ipsum is not simply random text. It has roots in a piece of classical latin literature from 45 BC, making it over 2000 years old. richard mcclintock, a latin professor at hampden-sydney"}},"f4dd5f98-76b9-4a4c-8e18-14d390be9136":{"type":"about-description","settings":{"about_banner_des":"College in virginia, looked up one of the more obscure latin words, consectetur, from a lorem Ipsum passage, and going through the cites of the word in classical literature, discovered the undoubtable source. lorem Ipsum comes from sections"}},"133c36be-1b50-4603-8afe-9be658c0a692":{"type":"about-description","settings":{"about_banner_des":"The standard chunk of lorem Ipsum used since the 1500s is reproduced below for those interested. sections 1.10.32 and 1.10.33 from \"de finibus bonorum et malorum\" by cicero are also reproduced in their"}}},"block_order":["3f4f1fdf-0e2b-47fc-881c-2eaa8e9ba639","3a420c93-22e8-4d02-8658-663ac3b15a3f","5898d2ab-8eac-462b-aad4-06d656487504","1e2f5218-b29d-4503-8638-dcb92a1a197c","0962d391-f118-41e7-ad58-770deb65faee","f4dd5f98-76b9-4a4c-8e18-14d390be9136","133c36be-1b50-4603-8afe-9be658c0a692"],"settings":{"about_product_title":"What we do?","about_des":"Lorem Ipsum has been the industry's standard dummy text ever since the 1500s, when an unknown printer took a galley of type and scrambled it to make a type specimen book. It has survived not only five centuries, but also the leap into electronic typesetting, remaining essentially unchanged.","about_banner_img":"shopify:\/\/shop_images\/about-page.jpg"}}},"order":["about-template"]}