{"current":{"color_primary":"#5fa800","color_secondary":"#222222","color_body_bg":"#fff","heading_text_color":"#222222","body_font_handle":"poppins_n4","body_custom_font_handle_enable":true,"body_custom_font_handle":"Poppins","header_font_handle":"poppins_n5","header_custom_font_handle_enable":true,"header_custom_font_handle":"Poppins","paragraph_font_handle":"poppins_n4","paragraph_custom_font_handle_enable":true,"paragraph_custom_font_handle":"Poppins","enable_rtl":false,"enable_box":false,"body_bgcolor":"#ffffff","body_bgcolor_enable":true,"body_bgimg":"shopify:\/\/shop_images\/box-bg.png","body_bgimg_enable":true,"body_boxshadow_enable":true,"google_analytic_enable":true,"google_tracking_id":"UA-110326897-1","logo_header":"shopify:\/\/shop_images\/logo-1.svg","logo_footer":"shopify:\/\/shop_images\/logo-1.svg","newsletter_popup_enable":true,"newsletter_bg_img":"shopify:\/\/shop_images\/news-bg_2_13793b84-07b8-4518-bd10-29942306d8b0.jpg","newletter_popup_title":"Become a subscriber","newsletter_text":"Subscribe to get the notification of latest posts","email_placeholder":"Your email address","newsletter_button_name":"Subscribe","payment_picker":"visa, paypal, master, american_express,google_pay","favicon":"shopify:\/\/shop_images\/favicon_dbbdd964-343e-4c1f-ab35-a8ed8a654f84.png","day_title":"Day","hour_title":"Hrs","minute_title":"Min","second_title":"Sec","count_text_enable":true,"section_subtitle":"Limited quantities","section_title":"Deal of the day","image_ratio":"portrait","enable_hover_product":true,"show_cart_note":true,"is_free_shipping_bar":true,"breadcrumb_banner_enable":true,"breadcrumb_banner_image":"","breadcrumb_banner_bg":"#fafafa","breadcrumb_banner_overlay_color":"#000000","breadcrumb_banner_opacity":0,"breadcurmb_page_title_color":"#717171","social_icon_1_name":"fa fa-whatsapp","social_icon_1_link":"https:\/\/www.whatsapp.com","social_icon_2_name":"fa fa-facebook-f","social_icon_2_link":"https:\/\/web.facebook.com","social_icon_3_name":"fa fa-twitter","social_icon_3_link":"https:\/\/twitter.com","social_icon_4_name":"fa fa-instagram","social_icon_4_link":"https:\/\/www.instagram.com","social_icon_5_name":"fa fa-pinterest-p","social_icon_5_link":"https:\/\/pinterest.com","social_icon_6_name":"fa fa-youtube","social_icon_6_link":"https:\/\/www.youtube.com","wishlist_page_url":"shopify:\/\/pages\/wishlist","wishlist_enable":true,"blog_read_btn":"Read more","blog_image_ratio":"portrait","login_sub_text":"Please login below account detail","dnt_acc_title":"Don't have an account?","acc_opacity":0.1,"log_term_con_syn":"*","log_term_con_text":"Terms & conditions.","log_term_con_url":"shopify:\/\/pages\/terms-conditions","log_pri_pol_desc":"Your privacy and security are important to us. For more information on how we use your data read our","log_pri_pol_text":"privacy policy","log_pri_pol_url":"shopify:\/\/pages\/privacy-policy","register_sub_text":"Please register below account detail","alredy_acc_title":"Already an account holder?","customer_logout_title":"Logout","section_padding_top":80,"section_padding_bottom":80,"section_padding_top_xs":50,"section_padding_bottom_xs":50,"checkout_header_image":"","checkout_logo_image":"","checkout_logo_position":"left","checkout_logo_size":"medium","checkout_body_background_image":"","checkout_body_background_color":"#fff","checkout_input_background_color_mode":"white","checkout_sidebar_background_image":"","checkout_sidebar_background_color":"#fafafa","checkout_heading_font":"-apple-system, BlinkMacSystemFont, 'Segoe UI', Roboto, Helvetica, Arial, sans-serif, 'Apple Color Emoji', 'Segoe UI Emoji', 'Segoe UI Symbol'","checkout_body_font":"-apple-system, BlinkMacSystemFont, 'Segoe UI', Roboto, Helvetica, Arial, sans-serif, 'Apple Color Emoji', 'Segoe UI Emoji', 'Segoe UI Symbol'","checkout_accent_color":"#5fa800","checkout_button_color":"#5fa800","checkout_error_color":"#e32c2b","breadcrumb_padding_top":"10","breadcrumb_padding_bottom":"10","breadcrumb_padding_top_xs":"10","breadcrumb_padding_bottom_xs":"10","breadcurmb_title_color":"#717171","active_breadcurmb_page_title_color":"#80bb01","other_font_handle":"poppins_n6","logo_header_svg_url":"logo-2.svg","logo_footer_svg_url":"logo-2.svg","search_title":"Search","blog_search_placeholder":"Search blog","archive_title":"Archive","recent_title":"Recent post","recent_post_limit_handle":"5","blog_tags_title":"Tags","blog_tags_list_limit_handle":"15","add_wishlit_title":"Add wishlist","loading_wishlist":"Loding..","remove_wishlit_title":"Remove From wishlist","go_to_wishlit_title":"Go to wishlist","wishlist_empty_title1":"Your","wishlist_empty_title2":"wishlist","wishlist_empty_title3":"is currently","wishlist_empty_title4":"Empty!","login_request_title":"Please login your account","topbar_notification_enable":true,"notification_text":"<span>Free shipping<\/span> orders from all item","notification_bg_image":"","notification_bg_color":"#ffffff","notification_text_color":"#222222","custom_link1":"About us","custom_link_url1":"shopify:\/\/pages\/about-us","custom_link2":"Contact us","custom_link_url2":"shopify:\/\/pages\/contact-us","notification_wishlist_title":"My wishlist","notification_order_title":"Order history","notification_cart_title":"My cart","cart_button_title":"Add to cart","unavailable_title":"Sold out","soldout_button_title":"Sold out","empty_cart":"No products in the cart.","shop_btn_url":"shopify:\/\/collections\/frontpage","shop_btn_text":"Countinue shopping","cart_desc1":"There are","cart_desc2":"products","cart_sub_total":"Sub total:","cart_view":"View cart","cart_checkout":"Checkout","product_quickview_enalbe":true,"wishlist_type":"1","newsletter_img":"shopify:\/\/shop_images\/logo2_b41f3785-b70d-48b0-a728-ba305b7dd00e.png","custom_page_margin_top":"100","custom_page_margin_bottom":"100","section_margin_top_xs":"70","section_margin_bottom_xs":"70","multi_currency_enable":false,"notification_button_name":"","notification_button_url":"","topbar_color_1":"rgba(0,0,0,0)","topbar_color_2":"rgba(0,0,0,0)","notification_overlay_color":"rgba(0,0,0,0)","enable_preloader":false,"preloader_style":"Style_3","preloader_bg":"#ffffff","preloader_color":"#000000","preloader_border_color":"#ffffff","preloader_border_width":"5px","newsletter_action":"","one_day_popup_enable":true,"newsletter_overlay_bgcolor":"#ffffff","newsletter_overlay_opacicty":0.2,"popup_newsletter_title_color":"#232323","popup_newsletter_description_color":"#000000","input_fild_border_color":"#eee","input_fild_color":"#222222","new_title":"New","sale_title":"Sale","soldout_title":"Soldout","sale_percent_enable":true,"categories_title":"Categories","successfull_note":"Added to cart successfully!","view_cart_button2":"View Cart","heading_4041":"4","heading_4042":"0","heading_4043":"4","sub_text_4041":"Page","sub_text_4042":"Not","sub_text_4043":"Be","sub_text_4044":"Found","desc_text_404":"Sorry but the page you are looking for does not exist, have been removed, name changed or is temporarity unavailable.","button_title":"Go to home page","button_url":"\/","qcv_add_to_cart_text":"","qcv_cart_added_text":"","qcv_cart_error_text":"","qcv_cart_wait_text":"","review_enable":true,"categories_list_limit_hanlde":"50","vendors_title":"Vendors","vendors_list_limit_hanlde":"50","types_title":"Products Types","types_list_limit_hanlde":"50","color_title":"Color","color_picker":"DarkKhaki,\nBurlyWood,\nAntiqueWhite,\nGrey,\nLightSeaGreen,\nLightSalmon,\nFloralWhite,\nDarkSeaGreen,\nPaleVioletRed,\nPaleGoldenRod,\nMistyRose,\nSkyBlue,\nSilver,\nLinen,\nSkyBlue,\nSilver,\nSeaShell,\nTomato,\nThistle,\nSnow,\nWhite,\nSandyBrown,\nBlack,\nRosyBrown,\nPowderBlue,\nPapayaWhip,\nPink,\nRosyBrown,\nLinen,\nLightSlateGrey,\nMaroon,\nLightSteelBlue,\nWhite,\nBlack,","colors_list_limit_hanlde":"50","size_title":"Size","size_picker":"1\/kg,\n5\/kg,\n2\/kg,\n3\",\n4\",\n5\",\n9\",\n2.5\",\n8cm,\n9cm,\n10cm,\n15cm,\n9x6,\n12x10,\n5x5,\n30x30,\n18x18,\n20x20,\n15cm,\n6cm,\n2cm,\n30x30,\n35x35,\n15x24,\n1\/kg,\n2\/kg,\n5\/kg,\n11\",12\",8\",\n15\",16\",28\",\n12rose,\n24rose,\n48rose,","size_list_limit_hanlde":"50","tags_title":"Tags","tags_list_limit_hanlde":"50","best_product_limit_hanlde":"","best_product__title":"Best product","best_product_limit_hanlde5":"3","notification_overlay_opacity":0,"notificaction_button_bg_color":"#61ab00","notificaction_button_border_color":"#61ab00","notificaction_button_color":"#ffffff","notificaction_button_hover_bg_color":"rgba(0,0,0,0)","notificaction_button_hover_border_color":"#61ab00","notificaction_button_hover_color":"#61ab00","notificaction_close_button_bg_color":"","notificaction_close_button_border_color":"rgba(0,0,0,0)","notificaction_close_button_color":"#ffffff","notificaction_close_button_hover_bg_color":"rgba(0,0,0,0)","notificaction_close_button_hover_border_color":"rgba(0,0,0,0)","notificaction_close_button_hover_color":"#ffffff","heading_404":"404","sub_text_404":"PAGE NOT BE FOUND","button_name":"Subscribe","newsletter_overlay_color":"#000","newsletter_button_bg_color":"#d92542","newsletter_button_color":"#ffffff","newsletter_button_hover_bg_color":"#232323","newsletter_button_hover_color":"#fff","close_icon_color":"#ffffff","recent_post_title":"Recent post","wishlist_empty_title":"Your wishlist is currently empty!","currency_enable":true,"supported_currencies":"USD, USD - US Dollar | EUR, EUR - Euro | GBP, GBP - British Pound | INR, INR - Indian Rupee | BDT, BDT - Bangladesh Taka | JPY, JPY - Japan Yen | CAD, CAD - Canada Dollar | AUD, AUD - Australian Dollar","supported_currencies_code":"USD, USD - US Dollar | EUR, EUR - Euro | GBP, GBP - British Pound","notification_overlay_rgb_colo":"#000000","notification_overlay_rgb_color":"0, 0, 0","product_quickview_description_enable":true,"paragraph_font":"raleway_n4","body_font":"alfie_n4","type_header_font":"abril_fatface_n4","heading_font":"alfie_n4","breadcrumb_banner_image_enable":false,"cart_notes_enable":true,"cart_vendor_enable":false,"ajax_cart_method":"drawer","logo_use_image":false,"logo_max_width":"450","favicon_enable":false,"show_multiple_currencies":true,"currency_format":"money_with_currency_format","default_currency":"USD","color_body_text":"#333333","color_borders":"#e5e5e5","color_footer_bg":"#f2f2f2","color_footer_social_link":"#bbbbbb","color_footer_text":"#636363","footer_newsletter_enable":true,"footer_social_enable":true,"sections":{"header":{"type":"header","settings":{"sitcky_switch":true,"main_menu_selected":"main-menu","vega_menu_selected":"vega-menu-2","browse_cat_title":"Browse category","call_icon":"shopify:\/\/shop_images\/icon_contact_520241f6-7c00-4e5c-9983-072fadf82e74.png","call_title":"Hotline:","call_number":"0123 456 789","searchbar_checkbox":true,"callline_checkbox":true}},"footer":{"type":"footer","blocks":{"1584526592848":{"type":"footer_menu","settings":{"footer_menu_title":"Services","footer_menu_handle":"footer-menu2"}},"1584526598784":{"type":"footer_menu","settings":{"footer_menu_title":"Privacy & terms","footer_menu_handle":"footer-menu3"}},"1584526605479":{"type":"footer_menu","settings":{"footer_menu_title":"My account","footer_menu_handle":"footer-men4"}}},"block_order":["1584526592848","1584526598784","1584526605479"],"settings":{"section_padding_top":80,"section_padding_bottom":80,"section_padding_top_xs":50,"section_padding_bottom_xs":50,"foot_bgcolor":"#222222","heading_color":"#ffffff","text_color":"#999999","logo_about":"","address_title":"Location","add":"38 block street arean licard hamonia road sydney, australia","contact":"+014-33333-8888-6868","email":"support@demo.com","newsletter_title":"Get the latest deal","sub_title":"And receive $20 coupon for first shopping","thanks_title":"THANK YOU FOR SUBSCRIBING!","email_placeholder":"Enter your email"}},"collection-template":{"type":"collection-template","settings":{"products_limit_handle":18,"collection_info_enable":true,"tab_bar_enable":true,"short_by_enable":true,"sidebar_handle":"left_sidebar_handle","sidebar_banner_url":"https:\/\/vegina-store.myshopify.com\/collections\/cat8\/products\/orange-juice-5ltr"}},"related-product":{"type":"related-product","settings":{"section_padding_top":80,"section_padding_bottom":80,"section_padding_top_xs":50,"section_padding_bottom_xs":50,"related_title":"Related Product"}},"single-product-tab":{"type":"single-product-tab","blocks":{"752d323f-e63b-4efb-93d8-3c088ddfe0a6":{"type":"product_desc","settings":{"product_info_tab_title":"Description"}},"f71f4255-7312-4de2-815c-4aab6366312b":{"type":"additional_information","settings":{"additional_information_title":"Additional information"}}},"block_order":["752d323f-e63b-4efb-93d8-3c088ddfe0a6","f71f4255-7312-4de2-815c-4aab6366312b"],"settings":{"section_padding_top":80,"section_padding_bottom":0,"section_padding_top_xs":50,"section_padding_bottom_xs":50}},"blog-template":{"type":"blog-template","settings":{"blog_news_column":"6","blog_news_limit_handle":6,"blog_news_cmt":"Comment","recent_post_enable":true,"tags_enable":true}},"article-template":{"type":"article-template","settings":{"article_through":"By","article_cmt":"Comments","article_cmt_send":"Sending","article_cmt_done":"Done!","article_avtar_enable":false,"comment_post_limit_handle":"5","sidebar_handle":"left_sidebar_handle","recent_post_enable":true,"tags_enable":true}},"counter-up":{"type":"counter-up","blocks":{"1537597842798":{"type":"single_item","settings":{"counter_number":"21","counter_main_text_color":"#cf3333","counter_title":"Years In Business","counter_text_color":"#ffffff"}},"1537597845293":{"type":"single_item","settings":{"counter_number":"210","counter_main_text_color":"#ffffff","counter_title":"Clients And Partners","counter_text_color":"#ffffff"}},"1537597873829":{"type":"single_item","settings":{"counter_number":"18","counter_main_text_color":"#ffffff","counter_title":"Show Room","counter_text_color":"#ffffff"}},"1537597889189":{"type":"single_item","settings":{"counter_number":"17","counter_main_text_color":"#ffffff","counter_title":"Billon Sales","counter_text_color":"#ffffff"}}},"block_order":["1537597842798","1537597845293","1537597873829","1537597889189"],"settings":{"counter_bgcolor_check":true,"counter_bgcolor":"#61ab00"}},"contact-template":{"type":"contact-template","blocks":{"1537611083413":{"type":"contact_info","settings":{"info_icon":"fa fa-street-view","info_title":"Address","info_des":"255 Parker St.\nEnglishtown, NJ 07726"}},"1537611091444":{"type":"contact_info","settings":{"info_icon":"fa fa-phone","info_title":"Phone","info_des":"+1234568999"}},"1537611143786":{"type":"contact_info","settings":{"info_icon":"fa fa-envelope","info_title":"Email","info_des":"yoursite@demo.com"}}},"block_order":["1537611083413","1537611091444","1537611143786"],"settings":{"contact_us_title":"Contact Us","contact_us_des":"","contact_us_map_enable":true,"contact_drop_title":"Drop us message","name_placeholder":"Enter your name","email_placeholder":"Enter your email address","message_placeholder":"Your message here...","form_button_name":"Submit","form_btn_icon":"fa fa-arrow-right","contact_form_title":"Get in Touch","contact_form_desc":"Lorem ipsum dolor sit amet, consectetur adipisicing elit. Rerum earum eveniet dolorum suscipit nesciunt incidunt animi repudiandae ab at, tenetur distinctio voluptate vel illo similique."}},"faq":{"type":"faq","blocks":{"1537765826500":{"type":"accordion_area","settings":{"accordion_title":"What is Mikshaa’s return policy?","accordion_ans1":"Our 100% buyer protection program allows for easy returns Only for products not as per description\/photo on the website and products which you received in damaged\/defective\/broken\" condition."}},"1584105510529":{"type":"accordion_area","settings":{"accordion_title":"How to raise dispute for an order?","accordion_ans1":"You can raise a dispute within 7 days of delivery, in either of by sending an email to support@mikshaa.com with images of broken\/defective\/damaged products within 7 days of delivery, please mention your order number in the email and sign into your Mikshaa account if you are a registered customer (Easy method)."}},"1584105539331":{"type":"accordion_area","settings":{"accordion_title":"When will i be refunded?","accordion_ans1":"Reverse pickup orders We will initiate refund once the item is picked up by our courier partner."}},"1584105624501":{"type":"accordion_area","settings":{"accordion_title":"What are the shipping charges?","accordion_ans1":"Delivery charge varies with each product. Most of product FREE delivery in India."}},"1584105641154":{"type":"accordion_area","settings":{"accordion_title":"What is the estimated delivery time?","accordion_ans1":"The estimated time of delivery is within 7 working days for domestic orders and 15-20 working days for international orders. All orders get shipped within 4 to 5 days from the warehouse."}},"1584105656048":{"type":"accordion_area","settings":{"accordion_title":"How will the delivery be done?","accordion_ans1":"We try to process all deliveries through reputed courier companies like Bluedart, Aramex,E-come, DTDC, DHL and Fedex. In some cases, your pincode is not serviceable by these courier companies, we use Indian Speed Post for those deliveries."}},"1584105669751":{"type":"accordion_area","settings":{"accordion_title":"How are items packaged?","accordion_ans1":"All items are carefully packaged as to avoid any form of damage."}},"1584105687854":{"type":"accordion_area","settings":{"accordion_title":"Who would be responsible for paying local taxes in countries outside of India?","accordion_ans1":"Customs duty & other international taxes etc. if applicable will have to be borne by the customer according to the laws of the land."}},"1584105992587":{"type":"accordion_area","settings":{"accordion_title":"How do i pay for a Mikshaa’s purchase?","accordion_ans1":"Mikshaa offers you multiple payment methods. Whatever your online mode of payment, you can trust assured that Mikshaa's trusted payment gateway partners use secure encryption technology to keep your transaction details confidential at all times."}},"1584106005312":{"type":"accordion_area","settings":{"accordion_title":"Can i make a credit\/debit card or Internet Banking payment through my mobile?","accordion_ans1":"Yes, you can make credit card payments through the Mikshaa mobile site. Mikshaa uses 256-bit encryption technology to protect your card information while securely transmitting it to the secure and trusted payment gateways managed by leading banks."}},"1584106020747":{"type":"accordion_area","settings":{"accordion_title":"Is it safe to use my credit\/debit card on Mikshaa?","accordion_ans1":"Is it safe to use my credit\/debit card on Mikshaa?"}},"1584106032104":{"type":"accordion_area","settings":{"accordion_title":"Does Craftsvilla store my credit card information?","accordion_ans1":"No, Mikshaa does not collect or store your account information at all. Your transaction is authorized at multiple points, first by EBS\/CCavenue and subsequently by Visa\/MasterCard\/Amex secure directly without any information passing through us."}}},"block_order":["1537765826500","1584105510529","1584105539331","1584105624501","1584105641154","1584105656048","1584105669751","1584105687854","1584105992587","1584106005312","1584106020747","1584106032104"],"settings":{"faq_title":"FAQ's"}},"list-collection-template":{"type":"list-collection-template","settings":{}},"1580272775130":{"type":"blog-home","settings":{"section_padding_top":80,"section_padding_bottom":80,"section_padding_top_xs":50,"section_padding_bottom_xs":0,"blog_title":"Recent news","blog_bgcolor":"rgba(0,0,0,0)","blog_cmt":"Comment","blog_view_btn":"View all news","blog_view_btn_url":"shopify:\/\/blogs\/news","blog":"news","loop":true,"autoplay":true,"autoplay_time":5000}},"copyright":{"type":"copyright","settings":{"foot_bt_padding_top":10,"foot_bt_padding_bottom":10,"copy_right_text":"Copyright © {{ 'now' | date: '%Y' }} by spacingtech","copyright_switch":true,"paymrnt_switch":true}},"about-template":{"type":"about-template","blocks":{"1584019336826":{"type":"about-description","settings":{"about_banner_des":"There is something about the saree that makes a woman look dignified, glorifying  and every bit stylish. Mikshaa was set up in the year 2017 with a motive to offer its designer collection at competitive price and merchantable quality to its whole  seller and worldwide online customer."}},"1584019369779":{"type":"about-description","settings":{"about_banner_des":"No matter what your individual style may be, you are sure to find a beautiful saree that will match your taste, given the large collection of stunning Indian sarees that can be worn almost on all the occasions be it wedding, formal parties, Bridal, family get togethers and more!"}},"1584019372626":{"type":"about-description","settings":{"about_banner_des":"Mikshaa is the trusted online ethnic wears store and feels proud in Indian heritage and cultural diversity in women wears. With so many different styles of drape, so many different patterns and fabric choices, sarees can fill every wardrobe with much needed variety. When in doubt, it’s your best bet at looking elegant and put-together. Every state in India and worldwide are put together to cater best in terms of Indian fashion trends and women clothing range."}},"1584089892795":{"type":"about-description","settings":{"about_banner_des":"Mikshaa goals is the all worldwide delivered to ethnic wears for women. Celebrate big fat Indian occasions such as Diwali, Navratri, Durga Puja, Holi and marriage celebration with our evergreen collection of online Indian ethnic wears for women. A wide Variety of option are available at the click of mouse."}},"1584089930264":{"type":"about-description","settings":{"about_banner_des":"Mikshaa is a great online destination to explore its extraordinary collection for sarees and other ehnic wears the best part is the site has the most competitive price and a wide eclectic range of products guaranteed to satisfy every customer. Mikshaa ensures excellent delivery services to its buyer in a good condition and in a prompt manner."}},"1584089941943":{"type":"about-description","settings":{"about_banner_des":"Mikshaa collection is also available in the overseas market (USA, UK, Europe, Australia, Southeast Asia, Dubai, Srilanka and other countries) under the brand name of Mikshaa."}}},"block_order":["1584019336826","1584019369779","1584019372626","1584089892795","1584089930264","1584089941943"],"settings":{"about_product_title":"What We Do?","about_des":"Lorem ipsum dolor sit amet, consectetur adipiscing elit. Praesent sed libero vel ex maximus vulputate nec eu ligula. Vestibulum elementum nisi ut fermentum lobortis. Sed quis iaculis felis.","about_banner_img":"shopify:\/\/shop_images\/cat9.jpg"}},"our-services":{"type":"our-services","blocks":{"1584020358986":{"type":"our_services","settings":{"service_icon":"ti-truck","service_title":"Free delivery","service_subtitle":"Orders from all item"}},"1584020378213":{"type":"our_services","settings":{"service_icon":"ti-money","service_title":"Return & refund","service_subtitle":"Money back guarantee"}},"1584020412685":{"type":"our_services","settings":{"service_icon":"ti-headphone","service_title":"Quality support","service_subtitle":"Alway online 24\/7"}},"1584020427136":{"type":"our_services","settings":{"service_icon":"ti-email","service_title":"Join newslleter","service_subtitle":"20% off by subscribing"}}},"block_order":["1584020358986","1584020378213","1584020412685","1584020427136"],"settings":{"service_enable":true,"section_padding_top":80,"section_padding_bottom":0,"section_padding_top_xs":50,"section_padding_bottom_xs":0,"our_ser_bgcolor":"rgba(0,0,0,0)"}},"payment-policy":{"type":"payment-policy","blocks":{"1584100339031":{"type":"payment-policy","settings":{"pay_policy_que":"How do i pay for a Vegist’s purchase?","pay_policy_ans1":"vegist offers you multiple payment methods. Whatever your online mode of payment, you can trust assured that Vegist's trusted payment gateway partners use secure encryption technology to keep your transaction details confidential at all times.","pay_policy_ans2":"You may use Internet Banking, Debit Card, Credit Card and Cash on Delivery to make your purchase. We also accept payments made using Visa, MasterCard, American Express and Any Club credit\/debit cards."}},"1584100428640":{"type":"payment-policy","settings":{"pay_policy_que":"Can i make a credit\/debit card or Internet Banking payment through my mobile?","pay_policy_ans1":"Yes, you can make credit card payments through the Vegist mobile site. Vegist uses 256-bit encryption technology to protect your card information while securely transmitting it to the secure and trusted payment gateways managed by leading banks.","pay_policy_ans2":""}},"1584100489709":{"type":"payment-policy","settings":{"pay_policy_que":"Is it safe to use my credit\/debit card on Vegist?","pay_policy_ans1":"All Credit\/Debit card details remain confidential and private. Vegist and our trusted payment gateways use SSL encryption technology to protect your card information.","pay_policy_ans2":""}},"1584100780485":{"type":"payment-policy","settings":{"pay_policy_que":"Does Craftsvilla store my credit card information?","pay_policy_ans1":"No, Vegist does not collect or store your account information at all. Your transaction is authorized at multiple points, first by EBS\/CCavenue and subsequently by Visa\/MasterCard\/Amex secure directly without any information passing through us.","pay_policy_ans2":""}}},"block_order":["1584100339031","1584100428640","1584100489709","1584100780485"],"settings":{"pay_policy_title":"Payment Policy"}},"shipping-policy":{"type":"shipping-policy","blocks":{"1584101187274":{"type":"shipping-policy","settings":{"ship_policy_que":"What are the shipping charges?","ship_policy_ans1":"Delivery charge varies with each product. Most of product FREE delivery in India.","ship_policy_ans2":"Some items may have a shipping cost depending on the product."}},"1584101354017":{"type":"shipping-policy","settings":{"ship_policy_que":"What is the estimated delivery time?","ship_policy_ans1":"The estimated time of delivery is within 7 working days for domestic orders and 15-20 working days for international orders. All orders get shipped within 4 to 5 days from the warehouse.","ship_policy_ans2":""}},"1584101368115":{"type":"shipping-policy","settings":{"ship_policy_que":"How will the delivery be done?","ship_policy_ans1":"We try to process all deliveries through reputed courier companies like Bluedart, Aramex,E-come, DTDC, DHL and Fedex. In some cases, your pincode is not serviceable by these courier companies, we use Indian Speed Post for those deliveries.","ship_policy_ans2":"If there is no courier service available in your area, we will get in touch with you and try to work out a convenient alternate delivery location that is serviced by our courier partners."}},"1584101384736":{"type":"shipping-policy","settings":{"ship_policy_que":"How are items packaged?","ship_policy_ans1":"All items are carefully packaged as to avoid any form of damage.","ship_policy_ans2":""}},"1584101397220":{"type":"shipping-policy","settings":{"ship_policy_que":"Who would be responsible for paying local taxes in countries outside of India?","ship_policy_ans1":"Customs duty & other international taxes etc. if applicable will have to be borne by the customer according to the laws of the land.","ship_policy_ans2":""}}},"block_order":["1584101187274","1584101354017","1584101368115","1584101384736","1584101397220"],"settings":{"ship_policy_title":"Shipping Policy"}},"privacy-policy":{"type":"privacy-policy","settings":{"privacy_policy_title":"Privacy Policy"}},"return-policy":{"type":"return-policy","blocks":{"1584101983799":{"type":"return-policy","settings":{"ret_policy_que":"What is Mikshaa’s return policy?","ret_policy_ans1":"Our 100% buyer protection program allows for easy returns Only for products not as per description\/photo on the website and products which you received in damaged\/defective\/broken\" condition.","ret_policy_ans2":"All products must be returned in their original condition along with the bills and labels."}},"1584102004469":{"type":"return-policy","settings":{"ret_policy_que":"How to raise dispute for an order?","ret_policy_ans1":"You can raise a dispute within 7 days of delivery, in either of by sending an email to support@mikshaa.com with images of broken\/defective\/damaged products within 7 days of delivery, please mention your order number in the email and sign into your Mikshaa account if you are a registered customer (Easy method).","ret_policy_ans2":"Product After 7 days Of Delivery Return Can not accepted."}},"1584102042271":{"type":"return-policy","settings":{"ret_policy_que":"When will i be refunded?","ret_policy_ans1":"Reverse pickup orders We will initiate refund once the item is picked up by our courier partner.","ret_policy_ans2":"Self ship orders We will refund when your item back from warehouse. The refund amount wii be credited within 3 to 5 working days in your Mikshaa Acoount."}}},"block_order":["1584101983799","1584102004469","1584102042271"],"settings":{"ret_policy_title":"Return Policy"}},"slider":{"type":"slider","blocks":{"1595848291294":{"type":"slide","settings":{"slider_bg_img":"shopify:\/\/shop_images\/slider9.jpg","slider_img":"shopify:\/\/shop_images\/mobileslider-1_d13526c5-1df0-4506-be69-d08999805745.jpg","slider_sub_title":"Fresh meant","slider_subtitle_color":"#222222","slider_title":"Super market vegbox<br>start from <span>$9<\/span>","slider_title_color":"#222222","slider_button":"Shop now","slider_button_url":"shopify:\/\/products\/hmd-colection-watch","slider_content_position":"left"}},"1596173719352":{"type":"slide","settings":{"slider_bg_img":"shopify:\/\/shop_images\/slider7.jpg","slider_img":"shopify:\/\/shop_images\/mobileslider-2_48866ed4-0571-41ed-bf69-efd1ea363fff.jpg","slider_sub_title":"Top selling!","slider_subtitle_color":"#000000","slider_title":"Fresh organic <br> <span>honey<\/span> at juice","slider_title_color":"#232323","slider_button":"Shop now","slider_button_url":"shopify:\/\/collections\/bread","slider_content_position":"left"}},"1595499013841":{"type":"slide","settings":{"slider_bg_img":"shopify:\/\/shop_images\/slider8-1_593cc3df-3595-4872-8e39-d84ea9d3f1d6.jpg","slider_img":"shopify:\/\/shop_images\/mobileslider-3_1899853a-00d4-46ff-8de1-e04ed7040507.jpg","slider_sub_title":"Summer juice","slider_subtitle_color":"#000000","slider_title":"Your first order <br> <span>20% off <\/span> at juice","slider_title_color":"#000000","slider_button":"Shop now","slider_button_url":"shopify:\/\/products\/orange-juice-5ltr","slider_content_position":"left"}}},"block_order":["1595848291294","1596173719352","1595499013841"],"settings":{"loop":true,"autoplay":true,"autoplay_time":5000,"autoplay_speed":1000,"nav":true,"dots":true}},"featured-product":{"type":"featured-product","blocks":{"1595502127128":{"type":"product_tab","settings":{"tab_product":"fruits"}},"1595502134148":{"type":"product_tab","settings":{"tab_product":"salads"}},"1595502144285":{"type":"product_tab","settings":{"tab_product":"frontpage"}}},"block_order":["1595502127128","1595502134148","1595502144285"],"settings":{"section_title":"Featured Products"}},"blog-home":{"type":"blog-home","settings":{"blog_bgcolor":"rgba(0,0,0,0)"}},"index-leftsidebar":{"type":"index-leftsidebar","blocks":{"1598522784101":{"type":"sidebanner1","settings":{"sidebanner1_img":"shopify:\/\/shop_images\/banner11.jpg","img_bgcolor":"#ffffff","sidebanner1_url":"shopify:\/\/products\/fresh-green-orange","banner_label1":"Fresh food","text_color1":"#333333","banner_title1":"Fruits collection","banner_button_text1":"Shop now"}},"1598522537699":{"type":"sidecollection","settings":{"side_cat1_title":"Special product","side_cat1_product_limit_handle":"16","side_cat1_product":"cat9"}},"1598524568067":{"type":"testimonial","settings":{"testi_bg_color":"#fafafa","testi_title1":"Customer reviews","testi_desc1":"I love this theme. Higly customizable, Easy to use and very flexible theme. Great support ! Excellent response times. Very professional and helpful in all queries, absolutely awesome. Highly recommended! The theme is really amazing. Thank you Spacingtech Webify.","testi_authrtitle1":"Flexibility","testi_authrname1":"By disarak","testi_desc2":"The design is really good and site is very responsive. However, what compelled me to write this review is the customer support that I have got. Prompt support from the developer. Would recommend it highly","testi_authrtitle2":"Customer support","testi_authrname2":"By cremica foods","testi_desc3":"This theme is really nice and responsive. I really like it. Anybody can use it easily. Customer Support is AMAZING! They're replying in 5 minutes to our emails. So they help you every time. I recommend you all to buy this.","testi_authrtitle3":"Friendly support","testi_authrname3":"By sametin8"}},"1598521968892":{"type":"sidebanner1","settings":{"sidebanner1_img":"shopify:\/\/shop_images\/banner12.jpg","img_bgcolor":"#ffffff","sidebanner1_url":"shopify:\/\/products\/henry-tixied-top","banner_label1":"Pure and natural","text_color1":"#333333","banner_title1":"The benefits of<br>vegetables","banner_button_text1":"Shop now"}},"1598522667093":{"type":"sidecollection","settings":{"side_cat1_title":"Trending product","side_cat1_product_limit_handle":"16","side_cat1_product":"dairy-chesse"}},"1598525442461":{"type":"sidebgbanner","settings":{"bgbanner_img":"shopify:\/\/shop_images\/dealbanner.webp","banner_title":"Big <span>50%<\/span>","banner_sub_title":"Offer","banner_des":"ONLY ACCESSORIES FASHION","banner_url":"shopify:\/\/collections\/frontpage"}},"1598527723832":{"type":"brandlogo","settings":{"brand_image1":"shopify:\/\/shop_images\/l7.jpg","brand_image1_url":"","brand_image2":"shopify:\/\/shop_images\/l6_fc7c2356-cd2c-4b15-9724-558a0a196ae3.png","brand_image2_url":"","brand_image3":"shopify:\/\/shop_images\/l5.jpg","brand_image3_url":"","brand_image4":"shopify:\/\/shop_images\/l4.jpg","brand_image4_url":"","brand_image5":"shopify:\/\/shop_images\/l3.jpg","brand_image5_url":"","brand_image6":"shopify:\/\/shop_images\/l2.jpg","brand_image6_url":"","brand_image7":"shopify:\/\/shop_images\/l8_8ed23c44-6775-4835-8afe-29b025190ae0.png","brand_image7_url":"","brand_image8":"shopify:\/\/shop_images\/l7.jpg","brand_image8_url":""}},"0fd49e2f-fcc1-4859-83c4-2ac238c8563a":{"type":"sidecollection","disabled":true,"settings":{"side_cat1_title":"Our selection","side_cat1_product_limit_handle":"6","side_cat1_product":"bakers-rack"}}},"block_order":["1598522784101","1598522537699","1598524568067","1598521968892","1598522667093","1598525442461","1598527723832","0fd49e2f-fcc1-4859-83c4-2ac238c8563a"],"settings":{"section_padding_top":80,"section_padding_bottom":0,"section_padding_top_xs":50,"section_padding_bottom_xs":0}},"1537092551066":{"type":"featured-product","blocks":{"1592830767075":{"type":"product_tab","settings":{"tab_product":"salads"}},"7ab9b364-7726-4447-907d-8d8a42163940":{"type":"product_tab","settings":{"tab_product":"frontpage"}},"ef35127b-88ab-442c-b183-161110f958b3":{"type":"product_tab","settings":{"tab_product":"fruits"}}},"block_order":["1592830767075","7ab9b364-7726-4447-907d-8d8a42163940","ef35127b-88ab-442c-b183-161110f958b3"],"settings":{"section_padding_top":80,"section_padding_bottom":0,"section_padding_top_xs":50,"section_padding_bottom_xs":0,"section_title":"Our products"}},"16593268837ffbcf12":{"type":"full-banner","settings":{"section_padding_top":80,"section_padding_bottom":80,"section_padding_top_xs":50,"section_padding_bottom_xs":50,"banner_img":"shopify:\/\/shop_images\/banner15.jpg","banner_label":"New customer offers","text_color":"#333333","banner_title":"Cooked vegetable with sauce and space","banner_button_text":"SHOP NOW","banner_url":"shopify:\/\/products\/fresh-dryed-almod-50g"}},"1659330937b848891b":{"type":"banner-grid","blocks":{"2afb1192-6fbf-4595-b6f2-024495a343cc":{"type":"banner_grid","settings":{"banner_img":"shopify:\/\/shop_images\/banner13.jpg","banner_label":"Winter fruits","text_color":"#333333","banner_title":"Oranges and monstera <br><span>flats 25% discount<\/span>","banner_button_text":"SHOP NOW","banner_url":"shopify:\/\/products\/fresh-green-orange"}},"7718eebf-9c02-416f-8a8f-1d14e5a3b130":{"type":"banner_grid","settings":{"banner_img":"shopify:\/\/shop_images\/banner14.jpg","banner_label":"Prod of india","text_color":"#333333","banner_title":"Organic fresh drinks <br><span>get 30% off on your order<\/span>","banner_button_text":"SHOP NOW","banner_url":"shopify:\/\/products\/bantch-blazar-hint"}}},"block_order":["2afb1192-6fbf-4595-b6f2-024495a343cc","7718eebf-9c02-416f-8a8f-1d14e5a3b130"],"settings":{"section_padding_top":80,"section_padding_bottom":0,"section_padding_top_xs":50,"section_padding_bottom_xs":0}},"165933609892256255":{"type":"deal-section","settings":{"label_deal_product":"deal-collection","deal_banner_img":"shopify:\/\/shop_images\/banner16.jpg","banner_label":"Winter vegetable","text_color":"#333333","banner_title":"VEGAN <br><span>$49.99<\/span>","banner_button_text":"SHOP NOW","banner_url":"shopify:\/\/products\/henry-tixied-top","loop":true,"autoplay":true,"autoplay_time":5000}},"1659346348c6a85de1":{"type":"new-product","settings":{"section_padding_top":80,"section_padding_bottom":0,"section_padding_top_xs":50,"section_padding_bottom_xs":0,"section_title":"Trending products","category_product_limit_handle":"10","label_product":"bakers-rack","loop":true,"autoplay":true,"autoplay_time":5000}},"wishlist":{"type":"wishlist","settings":{}},"top-nocification-bar":{"type":"top-nocification-bar","settings":{"topbar_notification_enable":true,"notification_text":"<span>Free shipping<\/span> orders from all item","notification_bg_color":"rgba(0,0,0,0)","notification_text_color":"#222222","custom_link1":"About us","custom_link_url1":"shopify:\/\/pages\/about-us","custom_link2":"Contact us","custom_link_url2":"shopify:\/\/pages\/contact-us","notification_account_title":"Account","notification_logout_title":"Logout","notification_register_title":"Register","notification_login_title":"Log in","notification_checkout_title":"Checkout","notification_wishlist_title":"My Wishlist","notification_order_title":"Order History","notification_cart_title":"My Cart"}}},"content_for_index":["1659330937b848891b","1537092551066","16593268837ffbcf12","165933609892256255","1659346348c6a85de1","1580272775130"],"blocks":{"14060646107696862457":{"type":"shopify:\/\/apps\/judge-me-reviews\/blocks\/judgeme_core\/61ccd3b1-a9f2-4160-9fe9-4fec8413e5d8","disabled":false,"settings":{}}}},"presets":{"Default":{"ajax_cart_method":"drawer","cart_notes_enable":true,"color_body_bg":"#fff","color_body_text":"#333333","color_borders":"#e5e5e5","color_footer_bg":"#f2f2f2","color_footer_social_link":"#bbbbbb","color_footer_text":"#636363","color_primary":"#747474","color_secondary":"#bbb","favicon_enable":false,"footer_newsletter_enable":true,"footer_social_enable":true,"logo_use_image":false}}}