{"current":{"color_primary":"#c28c2e","color_button":"#ffffff","color_secondary":"#222222","color_body_bg":"#fff","heading_text_color":"#222222","body_font_handle":"poppins_n4","body_custom_font_handle_enable":true,"body_custom_font_handle":"Poppins","header_font_handle":"poppins_n5","header_custom_font_handle_enable":true,"header_custom_font_handle":"Poppins","paragraph_font_handle":"poppins_n4","paragraph_custom_font_handle_enable":true,"paragraph_custom_font_handle":"Poppins","enable_rtl":false,"enable_box":false,"body_bgcolor":"#ffffff","body_bgcolor_enable":true,"body_bgimg_enable":false,"body_boxshadow_enable":true,"google_analytic_enable":true,"google_tracking_id":"UA-110326897-1","logo_header":"shopify:\/\/shop_images\/logo-8.svg","logo_footer":"shopify:\/\/shop_images\/logo-8.svg","favicon":"shopify:\/\/shop_images\/favicon_dbbdd964-343e-4c1f-ab35-a8ed8a654f84.png","newsletter_popup_enable":true,"newsletter_bg_img":"shopify:\/\/shop_images\/news-bg_2_13793b84-07b8-4518-bd10-29942306d8b0.jpg","newletter_popup_title":"Become a subscriber","newsletter_text":"Subscribe to get the notification of latest posts","email_placeholder":"Your email address","newsletter_button_name":"Subscribe","payment_picker":"visa, paypal, master, google_pay, american_express","day_title":"Day","hour_title":"Hrs","minute_title":"Min","second_title":"Sec","count_text_enable":true,"section_subtitle":"Limited Quantities","section_title":"Deal of the Day","image_ratio":"portrait","enable_hover_product":true,"show_cart_note":true,"is_free_shipping_bar":true,"breadcrumb_banner_enable":true,"breadcrumb_banner_image":"","breadcrumb_banner_bg":"#fafafa","breadcrumb_banner_overlay_color":"#000000","breadcrumb_banner_opacity":0,"breadcurmb_page_title_color":"#717171","social_icon_1_name":"fa fa-whatsapp","social_icon_1_link":"https:\/\/www.whatsapp.com","social_icon_2_name":"fa fa-facebook-f","social_icon_2_link":"https:\/\/web.facebook.com","social_icon_3_name":"fa fa-twitter","social_icon_3_link":"https:\/\/twitter.com","social_icon_4_name":"fa fa-instagram","social_icon_4_link":"https:\/\/www.instagram.com","social_icon_5_name":"fa fa-pinterest-p","social_icon_5_link":"https:\/\/pinterest.com","social_icon_6_name":"fa fa-youtube","social_icon_6_link":"https:\/\/www.youtube.com","wishlist_page_url":"shopify:\/\/pages\/wishlist","wishlist_enable":true,"blog_read_btn":"Read more","blog_image_ratio":"portrait","login_sub_text":"Please login below account detail","dnt_acc_title":"Don't have an account?","acc_opacity":0.1,"log_term_con_syn":"*","log_term_con_text":"Terms & conditions.","log_term_con_url":"","log_pri_pol_desc":"Your privacy and security are important to us. For more information on how we use your data read our","log_pri_pol_text":"privacy policy","log_pri_pol_url":"","register_sub_text":"Please register below account detail","alredy_acc_title":"Already an account holder?","customer_logout_title":"Logout","section_padding_top":80,"section_padding_bottom":80,"section_padding_top_xs":60,"section_padding_bottom_xs":60,"checkout_header_image":"","checkout_logo_image":"","checkout_logo_position":"left","checkout_logo_size":"medium","checkout_body_background_image":"","checkout_body_background_color":"#fff","checkout_input_background_color_mode":"white","checkout_sidebar_background_image":"","checkout_sidebar_background_color":"#fafafa","checkout_heading_font":"-apple-system, BlinkMacSystemFont, 'Segoe UI', Roboto, Helvetica, Arial, sans-serif, 'Apple Color Emoji', 'Segoe UI Emoji', 'Segoe UI Symbol'","checkout_body_font":"-apple-system, BlinkMacSystemFont, 'Segoe UI', Roboto, Helvetica, Arial, sans-serif, 'Apple Color Emoji', 'Segoe UI Emoji', 'Segoe UI Symbol'","checkout_accent_color":"#5fa800","checkout_button_color":"#5fa800","checkout_error_color":"#e32c2b","breadcrumb_padding_top":"10","breadcrumb_padding_bottom":"10","breadcrumb_padding_top_xs":"10","breadcrumb_padding_bottom_xs":"10","breadcurmb_title_color":"#717171","active_breadcurmb_page_title_color":"#80bb01","other_font_handle":"poppins_n6","logo_header_svg_url":"logo-8.svg","logo_footer_svg_url":"logo-8.svg","search_title":"Search","blog_search_placeholder":"Search blog","archive_title":"Archive","recent_title":"Recent post","recent_post_limit_handle":"5","blog_tags_title":"Tags","blog_tags_list_limit_handle":"15","add_wishlit_title":"Add wishlist","loading_wishlist":"Loding..","remove_wishlit_title":"Remove From wishlist","go_to_wishlit_title":"Go to wishlist","wishlist_empty_title1":"Your","wishlist_empty_title2":"wishlist","wishlist_empty_title3":"is currently","wishlist_empty_title4":"Empty!","login_request_title":"Please login your account","topbar_notification_enable":true,"notification_text":"<span>Free shipping <\/span> orders from all item","notification_bg_image":"","notification_bg_color":"#333333","notification_text_color":"#999999","cart_button_title":"Add to cart","unavailable_title":"Sold out","soldout_button_title":"Sold out","empty_cart":"No products in the cart.","shop_btn_url":"shopify:\/\/collections\/frontpage","shop_btn_text":"Countinue shopping","cart_desc1":"There are","cart_desc2":"products","cart_sub_total":"Sub total:","cart_view":"View cart","cart_checkout":"Checkout","product_quickview_enalbe":true,"multi_currency_enable":false,"custom_link1":"About us","custom_link_url1":"shopify:\/\/pages\/about-us","custom_link2":"Contact us","custom_link_url2":"shopify:\/\/pages\/contact-us","enable_preloader":false,"preloader_style":"Style_3","preloader_bg":"#ffffff","preloader_color":"#000000","preloader_border_color":"#ffffff","preloader_border_width":"5px","newsletter_action":"","newsletter_img":"shopify:\/\/shop_images\/logo5_119bd90b-f31a-494b-beea-a071187827c8.png","newsletter_overlay_bgcolor":"#ffffff","newsletter_overlay_opacicty":0.1,"popup_newsletter_title_color":"#cd7752","popup_newsletter_description_color":"#000000","input_fild_border_color":"#eee","input_fild_color":"#222222","new_title":"New","sale_title":"Sale","soldout_title":"Soldout","sale_percent_enable":true,"categories_title":"Categories","review_enable":true,"custom_page_margin_top":"100","custom_page_margin_bottom":"100","section_margin_top_xs":"70","section_margin_bottom_xs":"70","wait_title":"","added_title":"","affiliate_cart_button_title":"","one_day_popup_enable":false,"successfull_note":"Added to cart successfully!","view_cart_button2":"View Cart","opps_404":"","heading_4041":"4","heading_4042":"0","heading_4043":"4","sub_text_4041":"Page","sub_text_4042":"Not","sub_text_4043":"Be","sub_text_4044":"Found","desc_text_404":"Sorry but the page you are looking for does not exist, have been removed, name changed or is temporarity unavailable.","button_title":"Go to home page","button_url":"\/","qcv_add_to_cart_text":"","qcv_cart_added_text":"","qcv_cart_error_text":"","qcv_cart_wait_text":"","enable_growave":false,"growave_social_login":false,"wishlist_type":"1","review_app":"none","notification_button_name":"","notification_button_url":"","topbar_color_1":"rgba(0,0,0,0)","topbar_color_2":"rgba(0,0,0,0)","notification_overlay_color":"rgba(0,0,0,0)","categories_list_limit_hanlde":"50","vendors_title":"Vendors","vendors_list_limit_hanlde":"50","types_title":"Products Types","types_list_limit_hanlde":"50","color_title":"Color","color_picker":"DarkKhaki,\nBurlyWood,\nAntiqueWhite,\nGrey,\nLightSeaGreen,\nLightSalmon,\nFloralWhite,\nDarkSeaGreen,\nPaleVioletRed,\nPaleGoldenRod,\nMistyRose,\nSkyBlue,\nSilver,\nLinen,\nSkyBlue,\nSilver,\nSeaShell,\nTomato,\nThistle,\nSnow,\nWhite,\nSandyBrown,\nBlack,\nRosyBrown,\nPowderBlue,\nPapayaWhip,\nPink,\nRosyBrown,\nLinen,\nLightSlateGrey,\nMaroon,\nLightSteelBlue,\nWhite,\nBlack,","colors_list_limit_hanlde":"50","size_title":"Size","size_picker":"1\/kg,\n5\/kg,\n2\/kg,\n3\",\n4\",\n5\",\n9\",\n2.5\",\n8cm,\n9cm,\n10cm,\n15cm,\n9x6,\n12x10,\n5x5,\n30x30,\n18x18,\n20x20,\n15cm,\n6cm,\n2cm,\n30x30,\n35x35,\n15x24,\n1\/kg,\n2\/kg,\n5\/kg,\n11\",12\",8\",\n15\",16\",28\",\n12rose,\n24rose,\n48rose,","size_list_limit_hanlde":"50","tags_title":"Tags","tags_list_limit_hanlde":"50","best_product_limit_hanlde":"","best_product__title":"Best product","best_product_limit_hanlde5":"3","notification_overlay_opacity":0,"notificaction_button_bg_color":"#61ab00","notificaction_button_border_color":"#61ab00","notificaction_button_color":"#ffffff","notificaction_button_hover_bg_color":"rgba(0,0,0,0)","notificaction_button_hover_border_color":"#61ab00","notificaction_button_hover_color":"#61ab00","notificaction_close_button_bg_color":"","notificaction_close_button_border_color":"rgba(0,0,0,0)","notificaction_close_button_color":"#ffffff","notificaction_close_button_hover_bg_color":"rgba(0,0,0,0)","notificaction_close_button_hover_border_color":"rgba(0,0,0,0)","notificaction_close_button_hover_color":"#ffffff","heading_404":"404","sub_text_404":"PAGE NOT BE FOUND","button_name":"Subscribe","newsletter_overlay_color":"#000","newsletter_button_bg_color":"#d92542","newsletter_button_color":"#ffffff","newsletter_button_hover_bg_color":"#232323","newsletter_button_hover_color":"#fff","close_icon_color":"#ffffff","recent_post_title":"Recent post","wishlist_empty_title":"Your wishlist is currently empty!","supported_currencies":"USD, USD - US Dollar | EUR, EUR - Euro | GBP, GBP - British Pound | INR, INR - Indian Rupee | BDT, BDT - Bangladesh Taka | JPY, JPY - Japan Yen | CAD, CAD - Canada Dollar | AUD, AUD - Australian Dollar","supported_currencies_code":"USD, USD - US Dollar | EUR, EUR - Euro | GBP, GBP - British Pound","notification_overlay_rgb_colo":"#000000","notification_overlay_rgb_color":"0, 0, 0","product_quickview_description_enable":true,"paragraph_font":"raleway_n4","body_font":"alfie_n4","type_header_font":"abril_fatface_n4","heading_font":"alfie_n4","breadcrumb_banner_image_enable":false,"cart_notes_enable":true,"cart_vendor_enable":false,"ajax_cart_method":"drawer","logo_use_image":false,"logo_max_width":"450","favicon_enable":false,"show_multiple_currencies":true,"currency_format":"money_with_currency_format","default_currency":"USD","color_body_text":"#333333","color_borders":"#e5e5e5","color_footer_bg":"#f2f2f2","color_footer_social_link":"#bbbbbb","color_footer_text":"#636363","footer_newsletter_enable":true,"sections":{"header":{"type":"header","settings":{"sitcky_switch":true,"main_menu_selected":"main-menu","searchbar_checkbox":true,"user_checkbox":true}},"footer":{"type":"footer","blocks":{"1584526592848":{"type":"footer_menu","settings":{"footer_menu_title":"Services","footer_menu_handle":"footer-menu2"}},"1584526598784":{"type":"footer_menu","settings":{"footer_menu_title":"Privacy & Terms","footer_menu_handle":"footer-menu3"}},"1584526605479":{"type":"footer_menu","settings":{"footer_menu_title":"My Account","footer_menu_handle":"footer-men4"}}},"block_order":["1584526592848","1584526598784","1584526605479"],"settings":{"section_padding_top":80,"section_padding_bottom":80,"section_padding_top_xs":40,"section_padding_bottom_xs":40,"foot_imgcheck":false,"foot_bgcolor":"#f7f7f7","text_color":"#666666","custom_text":"Tortor neque egestas augue, eu vulputate magna eros eu erat.","contact_title":"Contact vegist","add":"Wooster parck chowk bazzar <br> new york","contact":"+014-33333-8888-6868","email":"support@spacingtech.com"}},"collection-template":{"type":"collection-template","settings":{"products_limit_handle":18,"collection_info_enable":false,"tab_bar_enable":true,"short_by_enable":true,"sidebar_handle":"left_sidebar_handle","sidebar_banner_url":"https:\/\/vegina-store.myshopify.com\/collections\/cat8\/products\/orange-juice-5ltr"}},"product-template":{"type":"product-template","settings":{}},"related-product":{"type":"related-product","settings":{"related_title":"Related Product"}},"blog-template":{"type":"blog-template","settings":{"blog_news_column":"2","blog_news_limit_handle":6,"blog_news_cmt":"Comment","recent_post_enable":true,"tags_enable":true}},"article-template":{"type":"article-template","settings":{"article_through":"By","article_cmt":"Comments","article_cmt_send":"Sending","article_cmt_done":"Done!","article_avtar_enable":false,"comment_post_limit_handle":"5","sidebar_handle":"left_sidebar_handle","recent_post_enable":true,"tags_enable":true}},"1537092551066":{"type":"featured-product","blocks":{"1592830767075":{"type":"product_tab","settings":{"tab_product":"cat3"}},"1584168950333":{"type":"product_tab","settings":{"tab_product":"cat9"}},"1574764873111":{"type":"product_tab","settings":{"tab_product":"cat8"}}},"block_order":["1592830767075","1584168950333","1574764873111"],"settings":{"section_padding_top":100,"section_padding_bottom":0,"section_padding_top_xs":50,"section_padding_bottom_xs":0,"section_title":"Discover product","featured_product_limit_handle":"24","pro_tab_bg_color":"rgba(0,0,0,0)"}},"counter-up":{"type":"counter-up","blocks":{"1537597842798":{"type":"single_item","settings":{"counter_number":"21","counter_main_text_color":"#cf3333","counter_title":"Years In Business","counter_text_color":"#ffffff"}},"1537597845293":{"type":"single_item","settings":{"counter_number":"210","counter_main_text_color":"#ffffff","counter_title":"Clients And Partners","counter_text_color":"#ffffff"}},"1537597873829":{"type":"single_item","settings":{"counter_number":"18","counter_main_text_color":"#ffffff","counter_title":"Show Room","counter_text_color":"#ffffff"}},"1537597889189":{"type":"single_item","settings":{"counter_number":"17","counter_main_text_color":"#ffffff","counter_title":"Billon Sales","counter_text_color":"#ffffff"}}},"block_order":["1537597842798","1537597845293","1537597873829","1537597889189"],"settings":{"counter_bgcolor_check":true,"counter_bgcolor":"#cd7752"}},"brand-logo":{"type":"brand-logo","blocks":{"1578114441052":{"type":"single_brand","settings":{"brand_image":"shopify:\/\/shop_images\/l8.png"}},"1578114454082":{"type":"single_brand","settings":{"brand_image":"shopify:\/\/shop_images\/l1.png"}},"1578114460303":{"type":"single_brand","settings":{"brand_image":"shopify:\/\/shop_images\/l6.png"}},"1578114465107":{"type":"single_brand","settings":{"brand_image":"shopify:\/\/shop_images\/l3.png"}},"1578114470202":{"type":"single_brand","settings":{"brand_image":"shopify:\/\/shop_images\/l7.png"}}},"block_order":["1578114441052","1578114454082","1578114460303","1578114465107","1578114470202"],"settings":{"brand_title":"Our <span>Brand<\/span>","brand_item_limit":"2","brand_bgcolor":"#ffffff"}},"contact-template":{"type":"contact-template","blocks":{"1537611083413":{"type":"contact_info","settings":{"info_icon":"fa fa-street-view","info_title":"Address","info_des":"255 Parker St.\nEnglishtown, NJ 07726"}},"1537611091444":{"type":"contact_info","settings":{"info_icon":"fa fa-phone","info_title":"Phone","info_des":"+1234568999"}},"1537611143786":{"type":"contact_info","settings":{"info_icon":"fa fa-envelope","info_title":"Email","info_des":"yoursite@demo.com"}}},"block_order":["1537611083413","1537611091444","1537611143786"],"settings":{"contact_us_title":"Contact Us","contact_us_des":"","contact_us_map_enable":true,"contact_drop_title":"Drop us message","name_placeholder":"Enter your name","email_placeholder":"Enter your email address","message_placeholder":"Your message here...","form_button_name":"Submit","form_btn_icon":"fa fa-arrow-right","contact_form_title":"Get in Touch","contact_form_desc":"Lorem ipsum dolor sit amet, consectetur adipisicing elit. Rerum earum eveniet dolorum suscipit nesciunt incidunt animi repudiandae ab at, tenetur distinctio voluptate vel illo similique."}},"faq":{"type":"faq","blocks":{"1537765826500":{"type":"accordion_area","settings":{"accordion_title":"What is a’s return policy?","accordion_ans1":"Our 100% buyer protection program allows for easy returns Only for products not as per description\/photo on the website and products which you received in damaged\/defective\/broken\" condition."}},"1584105510529":{"type":"accordion_area","settings":{"accordion_title":"How to raise dispute for an order?","accordion_ans1":"You can raise a dispute within 7 days of delivery, in either of by sending an email to support@a.com with images of broken\/defective\/damaged products within 7 days of delivery, please mention your order number in the email and sign into your a account if you are a registered customer (Easy method)."}},"1584105539331":{"type":"accordion_area","settings":{"accordion_title":"When will i be refunded?","accordion_ans1":"Reverse pickup orders We will initiate refund once the item is picked up by our courier partner."}},"1584105624501":{"type":"accordion_area","settings":{"accordion_title":"What are the shipping charges?","accordion_ans1":"Delivery charge varies with each product. Most of product FREE delivery in India."}},"1584105641154":{"type":"accordion_area","settings":{"accordion_title":"What is the estimated delivery time?","accordion_ans1":"The estimated time of delivery is within 7 working days for domestic orders and 15-20 working days for international orders. All orders get shipped within 4 to 5 days from the warehouse."}},"1584105656048":{"type":"accordion_area","settings":{"accordion_title":"How will the delivery be done?","accordion_ans1":"We try to process all deliveries through reputed courier companies like Bluedart, Aramex,E-come, DTDC, DHL and Fedex. In some cases, your pincode is not serviceable by these courier companies, we use Indian Speed Post for those deliveries."}},"1584105669751":{"type":"accordion_area","settings":{"accordion_title":"How are items packaged?","accordion_ans1":"All items are carefully packaged as to avoid any form of damage."}},"1584105687854":{"type":"accordion_area","settings":{"accordion_title":"Who would be responsible for paying local taxes in countries outside of India?","accordion_ans1":"Customs duty & other international taxes etc. if applicable will have to be borne by the customer according to the laws of the land."}},"1584105992587":{"type":"accordion_area","settings":{"accordion_title":"How do i pay for a a’s purchase?","accordion_ans1":"a offers you multiple payment methods. Whatever your online mode of payment, you can trust assured that a's trusted payment gateway partners use secure encryption technology to keep your transaction details confidential at all times."}},"1584106005312":{"type":"accordion_area","settings":{"accordion_title":"Can i make a credit\/debit card or Internet Banking payment through my mobile?","accordion_ans1":"Yes, you can make credit card payments through the a mobile site. a uses 256-bit encryption technology to protect your card information while securely transmitting it to the secure and trusted payment gateways managed by leading banks."}},"1584106020747":{"type":"accordion_area","settings":{"accordion_title":"Is it safe to use my credit\/debit card on a?","accordion_ans1":"Is it safe to use my credit\/debit card on a?"}},"1584106032104":{"type":"accordion_area","settings":{"accordion_title":"Does Craftsvilla store my credit card information?","accordion_ans1":"No, a does not collect or store your account information at all. Your transaction is authorized at multiple points, first by EBS\/CCavenue and subsequently by Visa\/MasterCard\/Amex secure directly without any information passing through us."}}},"block_order":["1537765826500","1584105510529","1584105539331","1584105624501","1584105641154","1584105656048","1584105669751","1584105687854","1584105992587","1584106005312","1584106020747","1584106032104"],"settings":{"faq_title":"FAQ's"}},"list-collection-template":{"type":"list-collection-template","settings":{}},"copyright":{"type":"copyright","settings":{"foot_bt_padding_top":20,"foot_bt_padding_bottom":20,"foot_bgcolor":"rgba(0,0,0,0)","copy_right_text":"Copyright © {{ 'now' | date: '%Y' }} by spacingtech"}},"about-template":{"type":"about-template","blocks":{"1584019336826":{"type":"about-description","settings":{"about_banner_des":"There is something about the saree that makes a woman look dignified, glorifying  and every bit stylish. a was set up in the year 2017 with a motive to offer its designer collection at competitive price and merchantable quality to its whole  seller and worldwide online customer."}},"1584019369779":{"type":"about-description","settings":{"about_banner_des":"No matter what your individual style may be, you are sure to find a beautiful saree that will match your taste, given the large collection of stunning Indian sarees that can be worn almost on all the occasions be it wedding, formal parties, Bridal, family get togethers and more!"}},"1584019372626":{"type":"about-description","settings":{"about_banner_des":"a is the trusted online ethnic wears store and feels proud in Indian heritage and cultural diversity in women wears. With so many different styles of drape, so many different patterns and fabric choices, sarees can fill every wardrobe with much needed variety. When in doubt, it’s your best bet at looking elegant and put-together. Every state in India and worldwide are put together to cater best in terms of Indian fashion trends and women clothing range."}},"1584089892795":{"type":"about-description","settings":{"about_banner_des":"a goals is the all worldwide delivered to ethnic wears for women. Celebrate big fat Indian occasions such as Diwali, Navratri, Durga Puja, Holi and marriage celebration with our evergreen collection of online Indian ethnic wears for women. A wide Variety of option are available at the click of mouse."}},"1584089930264":{"type":"about-description","settings":{"about_banner_des":"a is a great online destination to explore its extraordinary collection for sarees and other ehnic wears the best part is the site has the most competitive price and a wide eclectic range of products guaranteed to satisfy every customer. a ensures excellent delivery services to its buyer in a good condition and in a prompt manner."}},"1584089941943":{"type":"about-description","settings":{"about_banner_des":"a collection is also available in the overseas market (USA, UK, Europe, Australia, Southeast Asia, Dubai, Srilanka and other countries) under the brand name of a."}}},"block_order":["1584019336826","1584019369779","1584019372626","1584089892795","1584089930264","1584089941943"],"settings":{"about_product_title":"What We Do?","about_des":"Lorem ipsum dolor sit amet, consectetur adipiscing elit. Praesent sed libero vel ex maximus vulputate nec eu ligula. Vestibulum elementum nisi ut fermentum lobortis. Sed quis iaculis felis.","about_banner_img":"shopify:\/\/shop_images\/cat9.jpg"}},"our-services":{"type":"our-services","blocks":{"1584020358986":{"type":"our_services","settings":{"service_icon":"ti-truck","service_title":"Free Delivery","service_subtitle":"Orders From All item"}},"1584020378213":{"type":"our_services","settings":{"service_icon":"ti-money","service_title":"Return & refund","service_subtitle":"Money back guarantee"}},"1584020412685":{"type":"our_services","settings":{"service_icon":"ti-headphone","service_title":"Quality Support","service_subtitle":"Alway online 24\/7"}},"1584020427136":{"type":"our_services","settings":{"service_icon":"ti-email","service_title":"Join Newslleter","service_subtitle":"20% off by subscribing"}}},"block_order":["1584020358986","1584020378213","1584020412685","1584020427136"],"settings":{"our_ser_bgcolor":"rgba(0,0,0,0)"}},"payment-policy":{"type":"payment-policy","blocks":{"1584100339031":{"type":"payment-policy","settings":{"pay_policy_que":"How do i pay for a Vegist’s purchase?","pay_policy_ans1":"vegist offers you multiple payment methods. Whatever your online mode of payment, you can trust assured that Vegist's trusted payment gateway partners use secure encryption technology to keep your transaction details confidential at all times.","pay_policy_ans2":"You may use Internet Banking, Debit Card, Credit Card and Cash on Delivery to make your purchase. We also accept payments made using Visa, MasterCard, American Express and Any Club credit\/debit cards."}},"1584100428640":{"type":"payment-policy","settings":{"pay_policy_que":"Can i make a credit\/debit card or Internet Banking payment through my mobile?","pay_policy_ans1":"Yes, you can make credit card payments through the Vegist mobile site. Vegist uses 256-bit encryption technology to protect your card information while securely transmitting it to the secure and trusted payment gateways managed by leading banks.","pay_policy_ans2":""}},"1584100489709":{"type":"payment-policy","settings":{"pay_policy_que":"Is it safe to use my credit\/debit card on Vegist?","pay_policy_ans1":"All Credit\/Debit card details remain confidential and private. Vegist and our trusted payment gateways use SSL encryption technology to protect your card information.","pay_policy_ans2":""}},"1584100780485":{"type":"payment-policy","settings":{"pay_policy_que":"Does Craftsvilla store my credit card information?","pay_policy_ans1":"No, Vegist does not collect or store your account information at all. Your transaction is authorized at multiple points, first by EBS\/CCavenue and subsequently by Visa\/MasterCard\/Amex secure directly without any information passing through us.","pay_policy_ans2":""}}},"block_order":["1584100339031","1584100428640","1584100489709","1584100780485"],"settings":{"pay_policy_title":"Payment Policy"}},"shipping-policy":{"type":"shipping-policy","blocks":{"1584101187274":{"type":"shipping-policy","settings":{"ship_policy_que":"What are the shipping charges?","ship_policy_ans1":"Delivery charge varies with each product. Most of product FREE delivery in India.","ship_policy_ans2":"Some items may have a shipping cost depending on the product."}},"1584101354017":{"type":"shipping-policy","settings":{"ship_policy_que":"What is the estimated delivery time?","ship_policy_ans1":"The estimated time of delivery is within 7 working days for domestic orders and 15-20 working days for international orders. All orders get shipped within 4 to 5 days from the warehouse.","ship_policy_ans2":""}},"1584101368115":{"type":"shipping-policy","settings":{"ship_policy_que":"How will the delivery be done?","ship_policy_ans1":"We try to process all deliveries through reputed courier companies like Bluedart, Aramex,E-come, DTDC, DHL and Fedex. In some cases, your pincode is not serviceable by these courier companies, we use Indian Speed Post for those deliveries.","ship_policy_ans2":"If there is no courier service available in your area, we will get in touch with you and try to work out a convenient alternate delivery location that is serviced by our courier partners."}},"1584101384736":{"type":"shipping-policy","settings":{"ship_policy_que":"How are items packaged?","ship_policy_ans1":"All items are carefully packaged as to avoid any form of damage.","ship_policy_ans2":""}},"1584101397220":{"type":"shipping-policy","settings":{"ship_policy_que":"Who would be responsible for paying local taxes in countries outside of India?","ship_policy_ans1":"Customs duty & other international taxes etc. if applicable will have to be borne by the customer according to the laws of the land.","ship_policy_ans2":""}}},"block_order":["1584101187274","1584101354017","1584101368115","1584101384736","1584101397220"],"settings":{"ship_policy_title":"Shipping Policy"}},"privacy-policy":{"type":"privacy-policy","settings":{"privacy_policy_title":"Privacy Policy"}},"return-policy":{"type":"return-policy","blocks":{"1584101983799":{"type":"return-policy","settings":{"ret_policy_que":"What is a’s return policy?","ret_policy_ans1":"Our 100% buyer protection program allows for easy returns Only for products not as per description\/photo on the website and products which you received in damaged\/defective\/broken\" condition.","ret_policy_ans2":"All products must be returned in their original condition along with the bills and labels."}},"1584102004469":{"type":"return-policy","settings":{"ret_policy_que":"How to raise dispute for an order?","ret_policy_ans1":"You can raise a dispute within 7 days of delivery, in either of by sending an email to support@a.com with images of broken\/defective\/damaged products within 7 days of delivery, please mention your order number in the email and sign into your a account if you are a registered customer (Easy method).","ret_policy_ans2":"Product After 7 days Of Delivery Return Can not accepted."}},"1584102042271":{"type":"return-policy","settings":{"ret_policy_que":"When will i be refunded?","ret_policy_ans1":"Reverse pickup orders We will initiate refund once the item is picked up by our courier partner.","ret_policy_ans2":"Self ship orders We will refund when your item back from warehouse. The refund amount wii be credited within 3 to 5 working days in your a Acoount."}}},"block_order":["1584101983799","1584102004469","1584102042271"],"settings":{"ret_policy_title":"Return Policy"}},"slider":{"type":"slider","blocks":{"1595848291294":{"type":"slide","settings":{"slider_bg_img":"shopify:\/\/shop_images\/slider9.jpg","slider_sub_title":"Fresh Meant","slider_subtitle_color":"#222222","slider_title_color":"#222222","slider_button":"Shop Now","slider_button_url":"shopify:\/\/products\/hmd-colection-watch","slider_content_position":"left"}},"1596173719352":{"type":"slide","settings":{"slider_bg_img":"shopify:\/\/shop_images\/slider7.jpg","slider_sub_title":"Top Selling!","slider_subtitle_color":"#000000","slider_title_color":"#232323","slider_button":"Shop Now","slider_content_position":"left"}},"1595499013841":{"type":"slide","settings":{"slider_bg_img":"shopify:\/\/shop_images\/slider8.jpg","slider_sub_title":"Summer juice","slider_subtitle_color":"#000000","slider_title_color":"#000000","slider_button":"Shop Now","slider_button_url":"shopify:\/\/products\/orange-juice-5ltr","slider_content_position":"left"}}},"block_order":["1595848291294","1596173719352","1595499013841"],"settings":{}},"banner-grid":{"type":"banner-grid","blocks":{"1595595241484":{"type":"full_width_banner","settings":{"banner_img":"shopify:\/\/shop_images\/banner13.jpg","banner_label":"Winter Fruits","text_color":"#333333","banner_title":"Oranges and monstera <br><span>Flats 25% Discount<\/span>","banner_button_text":"SHOP NOW","banner_url":"shopify:\/\/products\/fresh-green-orange","banner_text_position":"left"}},"1595595252409":{"type":"full_width_banner","settings":{"banner_img":"shopify:\/\/shop_images\/banner14.jpg","banner_label":"Prod Of India","text_color":"#333333","banner_title":"Organic Fresh Drinks <br><span>Get 30% Off on Your Order<\/span>","banner_button_text":"SHOP NOW","banner_url":"shopify:\/\/products\/bantch-blazar-hint","banner_text_position":"left"}}},"block_order":["1595595241484","1595595252409"],"settings":{"banner1_padding_top":30,"banner1_padding_bottom":0}},"featured-product":{"type":"featured-product","blocks":{"1595502127128":{"type":"product_tab","settings":{"tab_product":"fruits"}},"1595502134148":{"type":"product_tab","settings":{"tab_product":"salads"}},"1595502144285":{"type":"product_tab","settings":{"tab_product":"frontpage"}}},"block_order":["1595502127128","1595502134148","1595502144285"],"settings":{"section_title":"Featured Products","featured_product_limit_handle":"10"}},"blog-home":{"type":"blog-home","settings":{"blog_item_limit":"3","blog_title1":"Recent News","blog_bgcolor":"rgba(0,0,0,0)"}},"deal-product":{"type":"deal-product","settings":{"deal_padding":15,"deal_bg_color":"rgba(0,0,0,0)","deal_bg_color_enable":false,"label_deal_product":"deal-collection","deal_banner_img":"shopify:\/\/shop_images\/banner16.jpg","banner_label":"Winter Veg","text_color":"#333333","banner_title":"VEGAN <br><span>$49.99<\/span>","banner_button_text":"SHOP NOW","banner_url":"shopify:\/\/products\/henry-tixied-top","banner_text_position":"top"}},"16074273321a68b44a":{"type":"slider","blocks":{"16074273321a68b44a-0":{"type":"slide","settings":{"slider_bg_img":"shopify:\/\/shop_images\/slider21_9cb99305-d626-4305-ad42-679d229b90e0.jpg","slider_img":"shopify:\/\/shop_images\/mobileslider-1_840d32d7-87a1-4314-a7b0-95203a8cfcbb.jpg","slider_sub_title":"Fresh vegetables","slider_subtitle_color":"#c28c2e","slider_title1":"Organic food","slider_title2":"& heathy tasty","slider_title_color":"#333333","slider_button":"Shop now","slider_button_url":"shopify:\/\/collections\/bakers-rack","slider_content_position":"left"}},"dce68497-601e-4f37-9dcf-3f7c68aba8b3":{"type":"slide","settings":{"slider_bg_img":"shopify:\/\/shop_images\/slider23.jpg","slider_img":"shopify:\/\/shop_images\/mobileslider-2_cdb7985d-3a1d-44af-9f97-6e6c853e7428.jpg","slider_sub_title":"Fresh fruits","slider_subtitle_color":"#c28c2e","slider_title1":"Organic food","slider_title2":"& heathy tasty","slider_title_color":"#333333","slider_button":"Shop now","slider_button_url":"shopify:\/\/collections\/cat5","slider_content_position":"left"}},"2e8dbd88-64f9-4026-8aa9-e8f54bdab51d":{"type":"slide","settings":{"slider_bg_img":"shopify:\/\/shop_images\/silder-22.jpg","slider_img":"shopify:\/\/shop_images\/mobileslider-3_f4723ff1-296b-4a00-bd81-b3594c684eee.jpg","slider_sub_title":"Top selling!","slider_subtitle_color":"#c28c2e","slider_title1":"Organic food","slider_title2":"& heathy tasty","slider_title_color":"#333333","slider_button":"Shop now","slider_button_url":"shopify:\/\/collections\/cat5","slider_content_position":"left"}}},"block_order":["16074273321a68b44a-0","dce68497-601e-4f37-9dcf-3f7c68aba8b3","2e8dbd88-64f9-4026-8aa9-e8f54bdab51d"],"settings":{"loop":true,"autoplay":true,"autoplay_time":5000,"autoplay_speed":1000,"nav":true,"dots":true}},"16074273460650f878":{"type":"our-services","blocks":{"16074273460650f878-0":{"type":"our_services","settings":{"service_icon":"<svg viewbox=\"0 0 24 24\" width=\"24\" height=\"24\" stroke=\"currentColor\" stroke-width=\"1\" fill=\"none\" stroke-linecap=\"round\" stroke-linejoin=\"round\" class=\"css-i6dzq1\"><path d=\"M14 9V5a3 3 0 0 0-3-3l-4 9v11h11.28a2 2 0 0 0 2-1.7l1.38-9a2 2 0 0 0-2-2.3zM7 22H4a2 2 0 0 1-2-2v-7a2 2 0 0 1 2-2h3\"><\/path><\/svg>","service_title":"Quality support","service_subtitle":"Alway online 24\/7"}},"16074273460650f878-1":{"type":"our_services","settings":{"service_icon":"<svg viewbox=\"0 0 24 24\" width=\"24\" height=\"24\" stroke=\"currentColor\" stroke-width=\"1\" fill=\"none\" stroke-linecap=\"round\" stroke-linejoin=\"round\" class=\"css-i6dzq1\"><rect x=\"1\" y=\"3\" width=\"15\" height=\"13\"><\/rect><polygon points=\"16 8 20 8 23 11 23 16 16 16 16 8\"><\/polygon><circle cx=\"5.5\" cy=\"18.5\" r=\"2.5\"><\/circle><circle cx=\"18.5\" cy=\"18.5\" r=\"2.5\"><\/circle><\/svg>","service_title":"Free delivary","service_subtitle":"Orders from all Item"}},"7c51cc30-30d8-4014-ab81-5bab17101a7b":{"type":"our_services2","settings":{"service_icon":"<svg viewbox=\"0 0 24 24\" width=\"24\" height=\"24\" stroke=\"currentColor\" stroke-width=\"1\" fill=\"none\" stroke-linecap=\"round\" stroke-linejoin=\"round\" class=\"css-i6dzq1\"><path d=\"M4 4h16c1.1 0 2 .9 2 2v12c0 1.1-.9 2-2 2H4c-1.1 0-2-.9-2-2V6c0-1.1.9-2 2-2z\"><\/path><polyline points=\"22,6 12,13 2,6\"><\/polyline><\/svg>","service_title":"Join newslleter","service_subtitle":"20% off by subscribing"}},"7fc8767e-ddeb-440d-a9a5-df279368b15c":{"type":"our_services2","settings":{"service_icon":"<svg viewbox=\"0 0 24 24\" width=\"24\" height=\"24\" stroke=\"currentColor\" stroke-width=\"1\" fill=\"none\" stroke-linecap=\"round\" stroke-linejoin=\"round\" class=\"css-i6dzq1\"><polyline points=\"23 4 23 10 17 10\"><\/polyline><path d=\"M20.49 15a9 9 0 1 1-2.12-9.36L23 10\"><\/path><\/svg>","service_title":"Return & refund","service_subtitle":"Money back guarantee"}}},"block_order":["16074273460650f878-0","16074273460650f878-1","7c51cc30-30d8-4014-ab81-5bab17101a7b","7fc8767e-ddeb-440d-a9a5-df279368b15c"],"settings":{"section_padding_top":80,"section_padding_bottom":0,"section_padding_top_xs":50,"section_padding_bottom_xs":0,"our_ser_bgcolor":"rgba(0,0,0,0)","section_title":"Exquisite service","service_middle_img":"shopify:\/\/shop_images\/service-middle-banner.jpg"}},"162108315766d68f67":{"type":"background-banner","settings":{"section_padding_top":80,"section_padding_bottom":80,"section_padding_top_xs":50,"section_padding_bottom_xs":50,"banner_bgimg":"shopify:\/\/shop_images\/background-banner2_2e3cdbfc-f593-4b36-b3a5-9696117037f0.jpg","banner_sub_title":"Fresh organic","banner_title1":"Healthy","banner_title2":"Foods","banner_url":"shopify:\/\/collections\/dairy-chesse","banner_button":"Shop now","banner_video_img":"shopify:\/\/shop_images\/background-banner_327bd99e-8081-43b6-ae09-c534aa4e2966.jpg","video_url":"https:\/\/www.youtube.com\/watch?v=0etCKCAsImI","product_mont":"January","product_year":"2026","product_date":"30"}},"162167408823ca67a9":{"type":"testimonial","blocks":{"1588572481048":{"type":"single_slide","settings":{"testi_quote":"fa fa-quote-left","testi_desc":"The theme is very clean. I want to say that the support is extremely responsive and has been very patient with me. thank you so much for your help!","testi_authrtitle":"For customer support","testi_authrname":"By tokenfaith","testi_review1":"fa fa-star","testi_review2":"fa fa-star","testi_review3":"fa fa-star","testi_review4":"fa fa-star","testi_review5":"fa fa-star"}},"1588580374148":{"type":"single_slide","settings":{"testi_quote":"fa fa-quote-left","testi_desc":"We needed a number of adjustments and changes before sending the site from draft\/staging to a live site. support, was quick to make the necessary adjustments and changes.","testi_authrtitle":"For customer support","testi_authrname":"By refine_digital","testi_review1":"fa fa-star","testi_review2":"fa fa-star","testi_review3":"fa fa-star","testi_review4":"fa fa-star","testi_review5":""}},"1588580581369":{"type":"single_slide","settings":{"testi_quote":"fa fa-quote-left","testi_desc":"The developer is awesome at jumping on and fixing things or making changes for me.\nThe design is great and can be adjusted easily. I will definitely stick to them when comes time for an upgrade.","testi_authrtitle":"For other","testi_authrname":"By stickersicko","testi_review1":"fa fa-star","testi_review2":"fa fa-star","testi_review3":"fa fa-star","testi_review4":"fa fa-star","testi_review5":"fa fa-star"}},"5283169e-87e4-4608-b135-d4a9953248ea":{"type":"single_slide","settings":{"testi_quote":"fa fa-quote-left","testi_desc":"Excellent customer support! I highly recommend this. I have been having many troubles making the product page look exactly as I want. the customer support was very responsive and efficient in solving my problems. thank you very much!","testi_authrtitle":"For customer support","testi_authrname":"By clin1","testi_review1":"fa fa-star","testi_review2":"fa fa-star","testi_review3":"fa fa-star","testi_review4":"fa fa-star","testi_review5":"fa fa-star"}},"de55ddf0-25bb-450a-aa39-8cbc24cea911":{"type":"single_slide","settings":{"testi_quote":"fa fa-quote-left","testi_desc":"I love this theme. higly customizable, easy to use and very flexible theme. great support ! excellent response times. very professional and helpful in all queries, absolutely awesome. highly recommended! the theme is really amazing. thank you spacingtech webify.","testi_authrtitle":"Flexibility","testi_authrname":"By disarak","testi_review1":"fa fa-star","testi_review2":"fa fa-star","testi_review3":"fa fa-star","testi_review4":"fa fa-star","testi_review5":"fa fa-star"}},"5cedcaae-dfcc-4f6c-910d-ae5243410f09":{"type":"single_slide","settings":{"testi_quote":"fa fa-quote-left","testi_desc":"The design is really good and site is very responsive. however, what compelled me to write this review is the customer support that I have got. prompt support from the developer. would recommend it highly","testi_authrtitle":"Customer support","testi_authrname":"By cremica_foods","testi_review1":"fa fa-star","testi_review2":"fa fa-star","testi_review3":"fa fa-star","testi_review4":"fa fa-star","testi_review5":"fa fa-star"}},"5cc60d2d-a2ba-4e23-9f99-7b76f0bb165f":{"type":"single_slide","settings":{"testi_quote":"fa fa-quote-left","testi_desc":"This theme is really nice and responsive. I really like it. anybody can use it easily. customer support is AMAZING! they're replying in 5 minutes to our emails. so they help you every time. I recommend you all to buy this.","testi_authrtitle":"Customer support","testi_authrname":"By sametin8","testi_review1":"fa fa-star","testi_review2":"fa fa-star","testi_review3":"fa fa-star","testi_review4":"fa fa-star","testi_review5":"fa fa-star"}},"cfa06d19-8b2a-4173-ba3c-c6b91ce7e5dd":{"type":"single_slide","settings":{"testi_quote":"fa fa-quote-left","testi_desc":"Excellent support. we wanted to make certain changes in theme. few points are out of the scope of theme too. the team was prompt top response and helped us to customise the theme as per our requirement.\n\nhighly recommended their support service.","testi_authrtitle":"Friendly support","testi_authrname":"By haricharans","testi_review1":"fa fa-star","testi_review2":"fa fa-star","testi_review3":"fa fa-star","testi_review4":"","testi_review5":""}},"96bffce0-32bd-4eb4-bd6f-aafa3ecb49cf":{"type":"single_slide","settings":{"testi_quote":"fa fa-quote-left","testi_desc":"I am pretty happy with the theme. I downloaded and saw documentation is a bit outdated, after spending a couple of days on self; I messaged the support. Boom, received a email reply within 30 days; having mentioned that issue will get resolved by tomorrow.","testi_authrtitle":"For customer support","testi_authrname":"By logicalguru1111","testi_review1":"fa fa-star","testi_review2":"fa fa-star","testi_review3":"fa fa-star","testi_review4":"fa fa-star","testi_review5":"fa fa-star"}}},"block_order":["1588572481048","1588580374148","1588580581369","5283169e-87e4-4608-b135-d4a9953248ea","de55ddf0-25bb-450a-aa39-8cbc24cea911","5cedcaae-dfcc-4f6c-910d-ae5243410f09","5cc60d2d-a2ba-4e23-9f99-7b76f0bb165f","cfa06d19-8b2a-4173-ba3c-c6b91ce7e5dd","96bffce0-32bd-4eb4-bd6f-aafa3ecb49cf"],"settings":{"section_padding_top":80,"section_padding_bottom":80,"section_padding_top_xs":50,"section_padding_bottom_xs":50,"our_ser_bgcolor":"#f7f7f7","testi_title1":"Customer reviews"}},"162168316980dc3aa5":{"type":"brand-logo","blocks":{"2fc2ef30-b418-43e7-abbe-30452c5dac57":{"type":"single_brand","settings":{"brand_image":"shopify:\/\/shop_images\/brand-logo-2.png","brand_image_url":""}},"d680a02f-5501-4f6b-ae0e-025cd64f2978":{"type":"single_brand","settings":{"brand_image":"shopify:\/\/shop_images\/brand-logo-4.png","brand_image_url":""}},"9121d64a-cb15-4d18-b49f-f1fadcc32ece":{"type":"single_brand","settings":{"brand_image":"shopify:\/\/shop_images\/brand-logo-5.png","brand_image_url":""}},"497df9dc-32a2-41ec-928c-5208b380a76e":{"type":"single_brand","settings":{"brand_image":"shopify:\/\/shop_images\/brand-logo-3.png","brand_image_url":""}},"f239422d-c82f-47d2-a323-24ea46c77611":{"type":"single_brand","settings":{"brand_image":"shopify:\/\/shop_images\/brand-logo-4.png","brand_image_url":""}},"ecef3230-3e25-4715-9221-479f7278adc5":{"type":"single_brand","settings":{"brand_image":"shopify:\/\/shop_images\/brand-logo-2.png","brand_image_url":""}},"027f92ec-52d2-47ae-88f4-7424c48af6dc":{"type":"single_brand","settings":{"brand_image":"shopify:\/\/shop_images\/brand-logo-5.png","brand_image_url":""}}},"block_order":["2fc2ef30-b418-43e7-abbe-30452c5dac57","d680a02f-5501-4f6b-ae0e-025cd64f2978","9121d64a-cb15-4d18-b49f-f1fadcc32ece","497df9dc-32a2-41ec-928c-5208b380a76e","f239422d-c82f-47d2-a323-24ea46c77611","ecef3230-3e25-4715-9221-479f7278adc5","027f92ec-52d2-47ae-88f4-7424c48af6dc"],"settings":{"section_padding_top":80,"section_padding_bottom":80,"section_padding_top_xs":50,"section_padding_bottom_xs":50,"brand_title":"","brand_item_limit":"5","brand_bgcolor":"rgba(0,0,0,0)","loop":true,"autoplay":true,"autoplay_time":5000}},"404-template":{"type":"404-template","settings":{}},"terms-conditions":{"type":"terms-conditions","settings":{"terms_condi_title":"Terms & Conditions"}},"wishlist":{"type":"wishlist","settings":{}},"1622269286672952e3":{"type":"blog-home","settings":{"section_padding_top":80,"section_padding_bottom":0,"section_padding_top_xs":50,"section_padding_bottom_xs":0,"blog_item_limit":"3","blog_title1":"Recent news","blog_bgcolor":"rgba(0,0,0,0)","blog":"news","loop":true,"autoplay":true,"autoplay_time":5000}},"password-header":{"type":"password-header","settings":{"pwd_heder_soon_title":"Coming soon"}},"password-content":{"type":"password-content","settings":{"newsletter_enable":true,"newsletter_form_heading":"Be the first to know when we launch.","newsletter_form_subheading":"Promotions, new products and sales. Directly to your inbox.","newsletter_placeholder":"Email address","newsletter_button_text":"Notify me"}},"password-footer":{"type":"password-footer","settings":{"show_share_buttons":true,"social_message":"Spread the word"}},"16599633843a9827d8":{"type":"slider-category","blocks":{"80887ef4-9314-41a4-90c8-abb07ff666f2":{"type":"slider_category","settings":{"slider_category_handle":"cat7","collection_img":"shopify:\/\/shop_images\/cat13.jpg","item_title":"items"}},"ccb02a43-6bd3-42c1-8423-66da46c1ace0":{"type":"slider_category","settings":{"slider_category_handle":"cat4","collection_img":"shopify:\/\/shop_images\/cat14.jpg","item_title":"items"}},"7d723650-8209-41b8-a79d-c49ed0670c6a":{"type":"slider_category","settings":{"slider_category_handle":"cat9","collection_img":"shopify:\/\/shop_images\/cat15.jpg","item_title":"items"}},"39d52a4f-5483-4aac-868e-330465a65e61":{"type":"slider_category","settings":{"slider_category_handle":"cat6","collection_img":"shopify:\/\/shop_images\/cat16.jpg","item_title":"items"}}},"block_order":["80887ef4-9314-41a4-90c8-abb07ff666f2","ccb02a43-6bd3-42c1-8423-66da46c1ace0","7d723650-8209-41b8-a79d-c49ed0670c6a","39d52a4f-5483-4aac-868e-330465a65e61"],"settings":{"section_padding_top":80,"section_padding_bottom":0,"section_padding_top_xs":50,"section_padding_bottom_xs":0,"section_bg_color":"rgba(0,0,0,0)","loop":true,"autoplay":true,"autoplay_time":5000}},"top-bar":{"type":"top-bar","settings":{"topbar_notification_enable":true,"notification_text":"<span>Free shipping<\/span> orders from all item","notification_bg_color":"#333333","notification_text_color":"#929292"}}},"content_for_index":["16074273321a68b44a","16599633843a9827d8","16074273460650f878","1537092551066","162108315766d68f67","162167408823ca67a9","1622269286672952e3","162168316980dc3aa5"],"blocks":{"14060646107696862457":{"type":"shopify:\/\/apps\/judge-me-reviews\/blocks\/judgeme_core\/61ccd3b1-a9f2-4160-9fe9-4fec8413e5d8","disabled":false,"settings":{}}}},"presets":{"Default":{"ajax_cart_method":"drawer","cart_notes_enable":true,"color_body_bg":"#fff","color_body_text":"#333333","color_borders":"#e5e5e5","color_footer_bg":"#f2f2f2","color_footer_social_link":"#bbbbbb","color_footer_text":"#636363","color_primary":"#747474","color_secondary":"#bbb","favicon_enable":false,"footer_newsletter_enable":true,"footer_social_enable":true,"logo_use_image":false,"social_facebook_link":"","social_twitter_link":""}}}