{"sections":{"payment-policy":{"type":"payment-policy","blocks":{"fb0bd3d2-b472-4438-8c7f-ad3e6599fcb1":{"type":"payment-policy","settings":{"pay_policy_que":"What is lorem Ipsum?","pay_policy_ans1":"There is something about the saree that makes a woman look dignified, glorifying and every bit stylish. a was set up in the year 2017 with a motive to offer its designer collection at competitive price and merchantable quality to its whole seller and worldwide online customer.","pay_policy_ans2":"Lorem ipsum dolor sit amet, consectetur adipiscing elit. praesent sed libero vel ex maximus vulputate nec eu ligula. vestibulum elementum nisi ut fermentum lobortis. sed quis iaculis felis."}},"b061d21e-6f3c-4ff5-9df2-acc229f611e4":{"type":"payment-policy","settings":{"pay_policy_que":"Why do we use it?","pay_policy_ans1":"There is something about the saree that makes a woman look dignified, glorifying and every bit stylish. a was set up in the year 2017 with a motive to offer its designer collection at competitive price and merchantable quality to its whole seller and worldwide online customer.","pay_policy_ans2":"Lorem ipsum dolor sit amet, consectetur adipiscing elit. praesent sed libero vel ex maximus vulputate nec eu ligula. vestibulum elementum nisi ut fermentum lobortis. sed quis iaculis felis."}},"0c57055c-2a72-4d61-bfb7-ccedb4bfa9f8":{"type":"payment-policy","settings":{"pay_policy_que":"Where does it come from?","pay_policy_ans1":"There is something about the saree that makes a woman look dignified, glorifying and every bit stylish. a was set up in the year 2017 with a motive to offer its designer collection at competitive price and merchantable quality to its whole seller and worldwide online customer.","pay_policy_ans2":"Lorem ipsum dolor sit amet, consectetur adipiscing elit. praesent sed libero vel ex maximus vulputate nec eu ligula. vestibulum elementum nisi ut fermentum lobortis. sed quis iaculis felis."}},"298ac5f1-fb09-4b5d-a866-52643dcdaf7f":{"type":"payment-policy","settings":{"pay_policy_que":"Where can I get some?","pay_policy_ans1":"There is something about the saree that makes a woman look dignified, glorifying and every bit stylish. a was set up in the year 2017 with a motive to offer its designer collection at competitive price and merchantable quality to its whole seller and worldwide online customer.","pay_policy_ans2":"Lorem ipsum dolor sit amet, consectetur adipiscing elit. praesent sed libero vel ex maximus vulputate nec eu ligula. vestibulum elementum nisi ut fermentum lobortis. sed quis iaculis felis."}},"8ddbef2a-7de7-42fc-8101-b20e12726b5f":{"type":"payment-policy","settings":{"pay_policy_que":"What is lorem Ipsum?","pay_policy_ans1":"There is something about the saree that makes a woman look dignified, glorifying and every bit stylish. a was set up in the year 2017 with a motive to offer its designer collection at competitive price and merchantable quality to its whole seller and worldwide online customer.","pay_policy_ans2":"Lorem ipsum dolor sit amet, consectetur adipiscing elit. praesent sed libero vel ex maximus vulputate nec eu ligula. vestibulum elementum nisi ut fermentum lobortis. sed quis iaculis felis."}},"223790b3-7a12-4473-af84-2b92bcaca50f":{"type":"payment-policy","settings":{"pay_policy_que":"Where can I get some?","pay_policy_ans1":"There is something about the saree that makes a woman look dignified, glorifying and every bit stylish. a was set up in the year 2017 with a motive to offer its designer collection at competitive price and merchantable quality to its whole seller and worldwide online customer.","pay_policy_ans2":"Lorem ipsum dolor sit amet, consectetur adipiscing elit. praesent sed libero vel ex maximus vulputate nec eu ligula. vestibulum elementum nisi ut fermentum lobortis. sed quis iaculis felis."}}},"block_order":["fb0bd3d2-b472-4438-8c7f-ad3e6599fcb1","b061d21e-6f3c-4ff5-9df2-acc229f611e4","0c57055c-2a72-4d61-bfb7-ccedb4bfa9f8","298ac5f1-fb09-4b5d-a866-52643dcdaf7f","8ddbef2a-7de7-42fc-8101-b20e12726b5f","223790b3-7a12-4473-af84-2b92bcaca50f"],"settings":{"pay_policy_title":"Payment policy"}}},"order":["payment-policy"]}