{"sections":{"collection-template":{"type":"collection-template","settings":{"collection_bgcolor":"#ffffff","collection_bgcolor_enable":true,"products_limit_handle":20,"collection_info_enable":true,"custom_image":"shopify:\/\/shop_images\/collection-01.jpg","custom_image_enable":true,"banner_enable":true,"collection_desc":"Lorem Ipsum is simply dummy text of the printing and typesetting industry. Lorem Ipsum has been the industry's standard dummy text ever since the 1500s, when an unknown printer took a galley of type and scrambled it to make a type specimen book","collection_desc_enable":false,"tab_bar_enable":true,"short_by_enable":true,"sidebar_handle":"left_sidebar_handle","collection_categories_title":"Categories","collection_categories_enable":true,"sidebar_banner_img":"shopify:\/\/shop_images\/collection-02.jpg","sidebar_banner_url":"shopify:\/\/collections\/vegist-juice","sidebar_banner_enable":true}}},"order":["collection-template"]}