{"current":{"color_primary":"#f5ab1e","color_secondary":"#333333","color_body_bg":"#fff","body_font_handle":"poppins_n4","header_font_handle":"mono","other_font_handle":"poppins_n6","enable_rtl":false,"enable_box":false,"body_bgcolor_enable":true,"body_bgcolor":"#f8f8f8","body_bgimg":"shopify:\/\/shop_images\/box-bg.png","body_bgimg_enable":true,"body_boxshadow_enable":true,"google_analytic_enable":true,"google_tracking_id":"UA-110326897-1","logo_header_max_width":120,"logo_header_svg_url":"logo-1.svg","logo_header":"shopify:\/\/shop_images\/logo-1.svg","logo_footer_svg_url":"logo-1.svg","logo_footer":"shopify:\/\/shop_images\/logo-1.svg","favicon":"shopify:\/\/shop_images\/favicon_dbbdd964-343e-4c1f-ab35-a8ed8a654f84.png","newsletter_popup_enable":true,"newsletter_bg_img":"shopify:\/\/shop_images\/news-bg_2_13793b84-07b8-4518-bd10-29942306d8b0.jpg","newsletter_img":"shopify:\/\/shop_images\/logo_e54c12d1-8d9f-454a-af8a-0978cedf2584.png","newletter_popup_title":"Become a subscriber","newsletter_text":"Subscribe to get the notification of latest posts","email_placeholder":"Your email address","newsletter_button_name":"Subscribe","payment_picker":"visa, paypal, master, american_express,maestro","second_title":"Sec","show_rating":true,"enable_hover_product":true,"cart_type":"drawer","show_vendor":true,"show_cart_note":true,"cart_drawer_collection":"bagel","quickview_enable":true,"breadcrumb_banner_enable":true,"breadcrumb_banner_image":"shopify:\/\/shop_images\/breadcrumb.jpg","breadcrumb_padding_top":"30","breadcrumb_padding_bottom":"30","breadcrumb_padding_top_xs":"15","breadcrumb_padding_bottom_xs":"15","breadcrumb_banner_bg":"rgba(0,0,0,0)","breadcrumb_banner_overlay_color":"#000000","breadcrumb_banner_opacity":0.2,"breadcurmb_title_color":"#ffffff","breadcurmb_page_title_color":"#ffffff","active_breadcurmb_page_title_color":"#80bb01","search_title":"Search","blog_search_placeholder":"Search blog","archive_title":"Archive","recent_title":"Recent post","recent_post_limit_handle":"5","blog_tags_title":"Tags","blog_tags_list_limit_handle":"15","social_icon_1_name":"fa fa-whatsapp","social_icon_1_link":"https:\/\/www.whatsapp.com","social_icon_2_name":"fa fa-facebook-f","social_icon_2_link":"https:\/\/web.facebook.com","social_icon_3_name":"fa fa-twitter","social_icon_3_link":"https:\/\/twitter.com","social_icon_4_name":"fa fa-instagram","social_icon_4_link":"https:\/\/www.instagram.com","social_icon_5_name":"fa fa-pinterest-p","social_icon_5_link":"https:\/\/pinterest.com","social_icon_6_name":"fa fa-youtube","social_icon_6_link":"https:\/\/www.youtube.com","wishlit_title":"Wishlist","add_wishlit_title":"Add wishlist","loading_wishlist":"Loding..","remove_wishlit_title":"Remove from wishlist","go_to_wishlit_title":"Go to wishlist","wishlist_empty_title1":"Your","wishlist_empty_title2":"wishlist","wishlist_empty_title3":"is currently","wishlist_empty_title4":"empty!","login_request_title":"Please login your account","login_sub_text":"Please login below account detail","dnt_acc_title":"Don't have an account?","acc_opacity":0.1,"log_term_con_syn":"*","log_term_con_text":"Terms & conditions.","log_pri_pol_desc":"Your privacy and security are important to us. For more information on how we use your data read our","log_pri_pol_text":"privacy policy","register_sub_text":"Please register below account detail","alredy_acc_title":"Already an account holder?","customer_logout_title":"Logout","section_padding_top":80,"section_padding_bottom":80,"section_padding_top_xs":40,"section_padding_bottom_xs":40,"heading_text_color":"#333333","body_custom_font_handle_enable":true,"body_custom_font_handle":"Poppins","body_custom_font_weight":400,"body_font_size":14,"header_custom_font_handle_enable":true,"header_custom_font_handle":"Poppins","header_custom_font_weight":600,"paragraph_font_handle":"poppins_n4","paragraph_custom_font_handle_enable":true,"paragraph_custom_font_handle":"Poppins","paragraph_font_line_height":30,"image_ratio":"portrait","is_free_shipping_bar":true,"promote_free_shipping_txt":"Spend [value] more and get free shipping!","breadcrumb_padding":30,"breadcrumb_padding_xs":30,"wishlist_page_url":"shopify:\/\/pages\/wishlist","wishlist_enable":true,"blog_read_btn":"Read more","blog_image_ratio":"portrait","checkout_logo_image":"shopify:\/\/shop_images\/logo-1.svg","checkout_logo_position":"left","checkout_logo_size":"medium","checkout_body_background_color":"#fff","checkout_input_background_color_mode":"white","checkout_sidebar_background_color":"#fafafa","checkout_heading_font":"-apple-system, BlinkMacSystemFont, 'Segoe UI', Roboto, Helvetica, Arial, sans-serif, 'Apple Color Emoji', 'Segoe UI Emoji', 'Segoe UI Symbol'","checkout_body_font":"-apple-system, BlinkMacSystemFont, 'Segoe UI', Roboto, Helvetica, Arial, sans-serif, 'Apple Color Emoji', 'Segoe UI Emoji', 'Segoe UI Symbol'","checkout_accent_color":"#f5ab1e","checkout_button_color":"#f5ab1e","checkout_error_color":"#e32c2b","topbar_notification_enable":true,"notification_text":"<span>Free shipping<\/span> orders from all item","notification_bg_color":"#232323","empty_cart":"No products in the cart.","cart_desc1":"There are","cart_desc2":"products","cart_sub_total":"Sub total:","cart_view":"View cart","cart_checkout":"Checkout","cart_button_title":"Add to cart","unavailable_title":"Sold out","soldout_button_title":"Sold out","product_quickview_enalbe":true,"categories_title":"Categories","categories_list_limit_hanlde":"50","wishlist_type":"1","review_app":"shopify-app","notification_text_color":"#fff","topbar_color_1":"rgba(0,0,0,0)","topbar_color_2":"rgba(0,0,0,0)","notification_overlay_color":"rgba(0,0,0,0)","notification_overlay_opacity":0,"notificaction_button_bg_color":"#ffffff","notificaction_button_border_color":"rgba(0,0,0,0)","notificaction_button_color":"#000000","notificaction_button_hover_bg_color":"#d92542","notificaction_button_hover_border_color":"rgba(0,0,0,0)","notificaction_button_hover_color":"#ffffff","notificaction_close_button_border_color":"rgba(0,0,0,0)","notificaction_close_button_color":"#ffffff","notificaction_close_button_hover_bg_color":"rgba(0,0,0,0)","notificaction_close_button_hover_border_color":"rgba(0,0,0,0)","notificaction_close_button_hover_color":"#ffffff","show_symbol":false,"show_iso_code":false,"show_flag":false,"newsletter_action":"","one_day_popup_enable":true,"new_title":"New","sale_title":"Sale","soldout_title":"Soldout","sale_percent_enable":true,"newsletter_overlay_bgcolor":"#ffffff","newsletter_overlay_opacicty":0.3,"popup_newsletter_title_color":"#232323","popup_newsletter_description_color":"#000000","input_fild_border_color":"#eee","input_fild_color":"#222222","custom_page_margin_top":"100","custom_page_margin_bottom":"100","section_margin_top_xs":"70","section_margin_bottom_xs":"70","affiliate_cart_button_title":"","successfull_note":"Added to cart successfully!","view_cart_button2":"View cart","desc_text_404":"Sorry but the page you are looking for does not exist, have been removed, name changed or is temporarity unavailable.","button_title":"Go to home page","button_url":"\/","review_switch":false,"review_enable":true,"vendors_title":"Vendors","vendors_list_limit_hanlde":"50","types_title":"Products Types","types_list_limit_hanlde":"50","tags_title":"Tags","tags_list_limit_hanlde":"50","best_product__title":"Best product","best_product_limit_hanlde5":"3","heading_404":"404","sub_text_404":"PAGE NOT BE FOUND","button_name":"Subscribe","newsletter_button_bg_color":"#d92542","newsletter_button_color":"#ffffff","newsletter_button_hover_bg_color":"#232323","newsletter_button_hover_color":"#fff","close_icon_color":"#ffffff","recent_post_title":"Recent post","wishlist_empty_title":"Your wishlist is currently empty!","notification_overlay_rgb_colo":"#000000","notification_overlay_rgb_color":"0, 0, 0","paragraph_font":"raleway_n4","body_font":"alfie_n4","type_header_font":"abril_fatface_n4","heading_font":"alfie_n4","breadcrumb_banner_image_enable":false,"cart_notes_enable":true,"cart_vendor_enable":false,"logo_use_image":false,"logo_max_width":"450","favicon_enable":false,"color_body_text":"#333333","color_footer_bg":"#f2f2f2","color_footer_text":"#636363","footer_newsletter_enable":true,"footer_social_enable":true,"sections":{"header":{"type":"header","settings":{"sitcky_switch":true,"header_bgcolor":"#ffffff","main_menu_selected":"main-menu","searchbar_checkbox":true,"user_checkbox":true,"wishlist_checkbox":true,"hotline_switch":true,"call_icon":"shopify:\/\/shop_images\/icon_contact_1d544c80-aa06-4dd2-a206-999b26d599fd.png","call_url":"tel:0123 456 789","call_title":"Hotline:","call_text":"0123 456 789","enable_country_selector":false,"enable_language_selector":false}},"footer":{"type":"footer","blocks":{"ed7b23f3-9fa5-438c-aa67-8c85ca680c07":{"type":"our_services","settings":{"service_url1":"shopify:\/\/pages\/shipping-policy","service_icon1":"<i class=\"fa fa-truck\"><\/i>","service_title1":"Free delivery","service_url2":"shopify:\/\/pages\/shipping-policy","service_icon2":"<i class=\"fa fa-money\"><\/i>","service_title2":"Cash on delivery","service_url3":"shopify:\/\/pages\/return-policy","service_icon3":"<i class=\"fa fa-refresh\"><\/i>","service_title3":"30 days returns","service_url4":"shopify:\/\/pages\/contact-us","service_icon4":"<i class=\"fa fa-headphones\"><\/i>","service_title4":"Online support"}},"5acbb4c0-ba26-4109-ab27-48696a717d6c":{"type":"footer_info","settings":{"logo_about":"<p>Lorem ipsum iasds simply dummy text of the printing and typesetting industry.<\/p>","address_title":"Address","add1":"38 block street arean licard","add2":"hamonia road  sydney, australia","contact_title":"Get in touch","contact":"(+800) 1234 5678 90","email":"support@demo.com"}},"1584526586878":{"type":"footer_menu","settings":{"container_width":25,"show_nav_title":true,"footer_menu_handle":"footer","text":""}},"1584526592848":{"type":"footer_menu","settings":{"container_width":25,"show_nav_title":true,"footer_menu_handle":"footer-menu2","text":""}},"1584526598784":{"type":"footer_menu","settings":{"container_width":25,"show_nav_title":true,"footer_menu_handle":"footer-menu3","text":""}},"1584526605479":{"type":"footer_menu","settings":{"container_width":25,"show_nav_title":true,"footer_menu_handle":"footer-men4","text":""}}},"block_order":["ed7b23f3-9fa5-438c-aa67-8c85ca680c07","5acbb4c0-ba26-4109-ab27-48696a717d6c","1584526586878","1584526592848","1584526598784","1584526605479"],"settings":{"section_padding_top":80,"section_padding_bottom":80,"section_padding_top_xs":50,"section_padding_bottom_xs":50,"foot_bgcolor":"#faf8ed"}},"1537075194786":{"type":"slider","blocks":{"1577278982741":{"type":"slide","settings":{"slider_bg_img":"shopify:\/\/shop_images\/slider1.jpg","slider_img":"shopify:\/\/shop_images\/mobileslider-1.webp","slider_sub_title":"Summer vege sale","slider_subtitle_color":"#232323","slider_title":"Fresh fruits <br> & vegetable","slider_title_color":"#232323","slider_button":"Shop now","slider_button_url":"shopify:\/\/collections\/fruits","slider_content_position":"left"}},"1579843866511":{"type":"slide","settings":{"slider_bg_img":"shopify:\/\/shop_images\/slider2.jpg","slider_img":"shopify:\/\/shop_images\/mobileslider-2.webp","slider_sub_title":"Organic indian masala","slider_subtitle_color":"#343a40","slider_title":"Prod of indian <br> 100% packaging","slider_title_color":"#343a40","slider_button":"Shop now","slider_button_url":"shopify:\/\/collections\/cat2","slider_content_position":"right"}},"1592479123765":{"type":"slide","settings":{"slider_bg_img":"shopify:\/\/shop_images\/slider3_7f623fd1-a932-4b5c-92c7-292044869712.jpg","slider_img":"shopify:\/\/shop_images\/mobileslider-3.webp","slider_sub_title":"Top selling!","slider_subtitle_color":"#232323","slider_title":"Fresh for your heath","slider_title_color":"#232323","slider_button":"Shop now","slider_button_url":"shopify:\/\/collections\/fast-foods","slider_content_position":"center"}}},"block_order":["1577278982741","1579843866511","1592479123765"],"settings":{"loop":true,"autoplay":true,"autoplay_time":5000,"autoplay_speed":1000,"nav":true,"dots":true}},"1537092551066":{"type":"featured-product","blocks":{"1584168950333":{"type":"product_tab","settings":{"tab_product":"fast-foods"}},"1574764873111":{"type":"product_tab","settings":{"tab_product":"fruits"}},"1577955229546":{"type":"product_tab","settings":{"tab_product":"frontpage"}}},"block_order":["1584168950333","1574764873111","1577955229546"],"settings":{"section_padding_top":80,"section_padding_bottom":80,"section_padding_top_xs":50,"section_padding_bottom_xs":50,"section_title":"Our products","product_col":"2","slide_product_limit":"4","featured_product_limit_handle":"24","pro_tab_bg_color":"rgba(0,0,0,0)"}},"counter-up":{"type":"counter-up","blocks":{"1537597842798":{"type":"single_item","settings":{"counter_number":"21","counter_main_text_color":"#cf3333","counter_title":"Years In Business","counter_text_color":"#ffffff"}},"1537597845293":{"type":"single_item","settings":{"counter_number":"210","counter_main_text_color":"#ffffff","counter_title":"Clients And Partners","counter_text_color":"#ffffff"}},"1537597873829":{"type":"single_item","settings":{"counter_number":"18","counter_main_text_color":"#ffffff","counter_title":"Show Room","counter_text_color":"#ffffff"}},"1537597889189":{"type":"single_item","settings":{"counter_number":"17","counter_main_text_color":"#ffffff","counter_title":"Billon Sales","counter_text_color":"#ffffff"}}},"block_order":["1537597842798","1537597845293","1537597873829","1537597889189"],"settings":{"counter_bgcolor_check":true,"counter_bgcolor":"#f5ab1e"}},"brand-logo":{"type":"brand-logo","blocks":{"1578114441052":{"type":"single_brand","settings":{"brand_image":"shopify:\/\/shop_images\/l7.jpg"}},"1578114454082":{"type":"single_brand","settings":{"brand_image":"shopify:\/\/shop_images\/l5.jpg"}},"1578114460303":{"type":"single_brand","settings":{"brand_image":"shopify:\/\/shop_images\/l6.jpg"}},"1578114465107":{"type":"single_brand","settings":{"brand_image":"shopify:\/\/shop_images\/l3.jpg"}},"1578114470202":{"type":"single_brand","settings":{"brand_image":"shopify:\/\/shop_images\/l8.jpg"}},"1578114474951":{"type":"single_brand","settings":{"brand_image":"shopify:\/\/shop_images\/l1.jpg"}},"1584020580960":{"type":"single_brand","settings":{"brand_image":"shopify:\/\/shop_images\/l1.jpg"}}},"block_order":["1578114441052","1578114454082","1578114460303","1578114465107","1578114470202","1578114474951","1584020580960"],"settings":{}},"1574845177859":{"type":"brand-logo","blocks":{"1574845177859-1":{"type":"single_brand","settings":{"brand_image":"shopify:\/\/shop_images\/l8_8ed23c44-6775-4835-8afe-29b025190ae0.png","brand_url":"shopify:\/\/collections\/fast-foods"}},"1574845177859-4":{"type":"single_brand","settings":{"brand_image":"shopify:\/\/shop_images\/l1.png","brand_url":"shopify:\/\/collections\/fast-foods"}},"1574846086568":{"type":"single_brand","settings":{"brand_image":"shopify:\/\/shop_images\/l6_fc7c2356-cd2c-4b15-9724-558a0a196ae3.png","brand_url":"shopify:\/\/collections\/fast-foods"}},"1576221299167":{"type":"single_brand","settings":{"brand_image":"shopify:\/\/shop_images\/l3.png","brand_url":"shopify:\/\/collections\/fast-foods"}},"1576224901082":{"type":"single_brand","settings":{"brand_image":"shopify:\/\/shop_images\/l4.png","brand_url":"shopify:\/\/collections\/fast-foods"}},"1577970074916":{"type":"single_brand","settings":{"brand_image":"shopify:\/\/shop_images\/l7.png","brand_url":"shopify:\/\/collections\/fast-foods"}},"1589711021621":{"type":"single_brand","settings":{"brand_image":"shopify:\/\/shop_images\/l2.png","brand_url":"shopify:\/\/collections\/fast-foods"}},"1592562662159":{"type":"single_brand","settings":{"brand_image":"shopify:\/\/shop_images\/l5.png","brand_url":"shopify:\/\/collections\/fast-foods"}}},"block_order":["1574845177859-1","1574845177859-4","1574846086568","1576221299167","1576224901082","1577970074916","1589711021621","1592562662159"],"settings":{"section_padding_top":80,"section_padding_bottom":80,"section_padding_top_xs":50,"section_padding_bottom_xs":50,"loop":true,"autoplay":true,"autoplay_time":3000}},"1580272775130":{"type":"blog-home","settings":{"section_padding_top":80,"section_padding_bottom":80,"section_padding_top_xs":50,"section_padding_bottom_xs":50,"blog_title":"Recent news","blog_bgcolor":"#ffffff","blog_view_btn":"View all news","blog_view_btn_url":"shopify:\/\/blogs\/news","blog":"news","loop":false,"autoplay":false,"autoplay_time":5000}},"copyright":{"type":"copyright","settings":{"foot_bt_padding_top":15,"foot_bt_padding_bottom":15,"copy_right_text":"Copyright © {{ 'now' | date: '%Y' }} by spacingtech","social_media_enable":true,"copyright_switch":true,"paymrnt_switch":true}},"1588572467928":{"type":"testimonial","blocks":{"1588572481048":{"type":"single_slide","settings":{"testi_desc":"The theme is very clean. I want to say that the support is extremely responsive and has been very patient with me. thank you so much for your help!","testi_authrtitle":"For customer support","testi_authrname":"By tokenfaith"}},"1588580374148":{"type":"single_slide","settings":{"testi_desc":"We needed a number of adjustments and changes before sending the site from draft\/staging to a live site. support, was quick to make the necessary adjustments and changes.","testi_authrtitle":"For customer support","testi_authrname":"By refine_digital"}},"1588580581369":{"type":"single_slide","settings":{"testi_desc":"The developer is awesome at jumping on and fixing things or making changes for me.\nThe design is great and can be adjusted easily. I will definitely stick to them when comes time for an upgrade.","testi_authrtitle":"For other","testi_authrname":"By stickersicko"}},"5283169e-87e4-4608-b135-d4a9953248ea":{"type":"single_slide","settings":{"testi_desc":"Excellent customer support! I highly recommend this. I have been having many troubles making the product page look exactly as I want. the customer support was very responsive and efficient in solving my problems. thank you very much!","testi_authrtitle":"For customer support","testi_authrname":"By clin1"}},"de55ddf0-25bb-450a-aa39-8cbc24cea911":{"type":"single_slide","settings":{"testi_desc":"I love this theme. higly customizable, easy to use and very flexible theme. great support ! excellent response times. very professional and helpful in all queries, absolutely awesome. highly recommended! the theme is really amazing. thank you spacingtech webify.","testi_authrtitle":"Flexibility","testi_authrname":"By disarak"}},"5cedcaae-dfcc-4f6c-910d-ae5243410f09":{"type":"single_slide","settings":{"testi_desc":"The design is really good and site is very responsive. however, what compelled me to write this review is the customer support that I have got. prompt support from the developer. would recommend it highly","testi_authrtitle":"Customer support","testi_authrname":"By cremica_foods"}},"5cc60d2d-a2ba-4e23-9f99-7b76f0bb165f":{"type":"single_slide","settings":{"testi_desc":"This theme is really nice and responsive. I really like it. anybody can use it easily. customer support is AMAZING! they're replying in 5 minutes to our emails. so they help you every time. I recommend you all to buy this.","testi_authrtitle":"Customer support","testi_authrname":"By sametin8"}},"cfa06d19-8b2a-4173-ba3c-c6b91ce7e5dd":{"type":"single_slide","settings":{"testi_desc":"Excellent support. we wanted to make certain changes in theme. few points are out of the scope of theme too. the team was prompt top response and helped us to customise the theme as per our requirement.\n\nhighly recommended their support service.","testi_authrtitle":"Friendly support","testi_authrname":"By haricharans"}},"96bffce0-32bd-4eb4-bd6f-aafa3ecb49cf":{"type":"single_slide","settings":{"testi_desc":"I am pretty happy with the theme. I downloaded and saw documentation is a bit outdated, after spending a couple of days on self; I messaged the support. Boom, received a email reply within 30 days; having mentioned that issue will get resolved by tomorrow.","testi_authrtitle":"For customer support","testi_authrname":"By logicalguru1111"}}},"block_order":["1588572481048","1588580374148","1588580581369","5283169e-87e4-4608-b135-d4a9953248ea","de55ddf0-25bb-450a-aa39-8cbc24cea911","5cedcaae-dfcc-4f6c-910d-ae5243410f09","5cc60d2d-a2ba-4e23-9f99-7b76f0bb165f","cfa06d19-8b2a-4173-ba3c-c6b91ce7e5dd","96bffce0-32bd-4eb4-bd6f-aafa3ecb49cf"],"settings":{"section_padding_top":80,"section_padding_bottom":80,"section_padding_top_xs":50,"section_padding_bottom_xs":50,"our_ser_bgcolor":"#f9f9f9","testi_title":"Our customer say","loop":true,"autoplay":true,"autoplay_time":5000}},"1589980286553":{"type":"banner-grid","blocks":{"1589980286553-0":{"type":"full_width_banner","settings":{"banner_img":"shopify:\/\/shop_images\/banner-1.jpg","text_color":"#333333","banner_title":"Fresh fruit,vegetable on our product","banner_button_text":"Shop now","banner_url":"shopify:\/\/collections\/cat2"}},"1589980286553-1":{"type":"full_width_banner","settings":{"banner_img":"shopify:\/\/shop_images\/banner-3.jpg","text_color":"#232323","banner_title":"Vegetable eggplant 100% fresh food","banner_button_text":"Shop now","banner_url":"shopify:\/\/products\/children-formal-shirt"}}},"block_order":["1589980286553-0","1589980286553-1"],"settings":{"section_padding_top":80,"section_padding_bottom":80,"section_padding_top_xs":50,"section_padding_bottom_xs":50}},"1592546363457":{"type":"newsletter","settings":{"section_padding_top":80,"section_padding_bottom":80,"section_padding_top_xs":50,"section_padding_bottom_xs":50,"news_bg_img":"shopify:\/\/shop_images\/banner3-min.jpg","newsletter_title":"Get the latest deals","title_color":"#ffffff","sub_title":"And receive 20% off coupon for first shopping","news_text_color":"#ffffff","thanks_title":"Thank you for subscribing use the VEGIST20 code to get a discount on the first purchase.","email_placeholder":"Enter your email address","button_title":"Subscribe"}},"1658919881bbfc3a52":{"type":"slider-category","blocks":{"1592908194167":{"type":"slider_category","settings":{"slider_category_handle":"cat1","collection_img":"shopify:\/\/shop_images\/cat2.jpg"}},"1592976896463":{"type":"slider_category","settings":{"slider_category_handle":"cat4","collection_img":"shopify:\/\/shop_images\/cat1.jpg"}},"1592977356788":{"type":"slider_category","settings":{"slider_category_handle":"cat5","collection_img":"shopify:\/\/shop_images\/cat3.jpg"}},"1592909177129":{"type":"slider_category","settings":{"slider_category_handle":"cat3","collection_img":"shopify:\/\/shop_images\/cat4.jpg"}},"1592977369835":{"type":"slider_category","settings":{"slider_category_handle":"cat8","collection_img":"shopify:\/\/shop_images\/cat5.jpg"}},"1592977375254":{"type":"slider_category","settings":{"slider_category_handle":"cat6","collection_img":"shopify:\/\/shop_images\/cat6.jpg"}},"1592977379736":{"type":"slider_category","settings":{"slider_category_handle":"cat2","collection_img":"shopify:\/\/shop_images\/cat7.jpg"}},"1592977385140":{"type":"slider_category","settings":{"slider_category_handle":"cat7","collection_img":"shopify:\/\/shop_images\/cat8.jpg"}},"1592977396395":{"type":"slider_category","settings":{"slider_category_handle":"cat9","collection_img":"shopify:\/\/shop_images\/cat9.jpg"}}},"block_order":["1592908194167","1592976896463","1592977356788","1592909177129","1592977369835","1592977375254","1592977379736","1592977385140","1592977396395"],"settings":{"section_padding_top":80,"section_padding_bottom":80,"section_padding_top_xs":50,"section_padding_bottom_xs":50,"section_bg_color":"#f7f7f7","slider_cat_title":"Shop by category","loop":true,"autoplay":true,"autoplay_time":5000}},"1658922644df109788":{"type":"new-product","settings":{"section_padding_top":80,"section_padding_bottom":0,"section_padding_top_xs":50,"section_padding_bottom_xs":0,"section_title":"Trending products","category_product_limit_handle":"10","label_product":"frontpage","loop":true,"autoplay":true,"autoplay_time":5000,"product_view":"4","product_view_lg":"3","product_view_sm":"2"}},"1658923746ddf87aa7":{"type":"deal-banner","settings":{"section_padding_top":80,"section_padding_bottom":0,"section_padding_top_xs":50,"section_padding_bottom_xs":0,"text_color":"#ffffff","section_ttsub":"We offer a hot deal offer every festival","section_title":"Deal of the day!","deal_bg_img":"shopify:\/\/shop_images\/dealbanner.webp","product_mont":"January","product_year":"2025","product_date":"30","shop_btn":"Shop collection","collection_url":"shopify:\/\/collections\/frontpage"}},"top-nocification-bar":{"type":"top-nocification-bar","settings":{"notification_bg_color":"#232323","notification_txt_color":"#ffffff","topbar_notification_text1":"<p> <\/p>","topbar_notification_text2":"<p><strong>Free shipping<\/strong> orders from all item<\/p>","enable_country_selector":false,"enable_language_selector":false}}},"content_for_index":["1537075194786","1589980286553","1658919881bbfc3a52","1658922644df109788","1658923746ddf87aa7","1537092551066","1588572467928","1580272775130","1592546363457","1574845177859"],"blocks":{"14060646107696862457":{"type":"shopify:\/\/apps\/judge-me-reviews\/blocks\/judgeme_core\/61ccd3b1-a9f2-4160-9fe9-4fec8413e5d8","disabled":false,"settings":{}}}},"presets":{"Default":{"cart_notes_enable":true,"color_body_bg":"#fff","color_body_text":"#333333","color_footer_bg":"#f2f2f2","color_footer_social_link":"#bbbbbb","color_footer_text":"#636363","color_primary":"#747474","color_secondary":"#bbb","favicon_enable":false,"footer_newsletter_enable":true,"footer_social_enable":true,"logo_use_image":false}}}