{"current":{"color_primary":"#f5ab1e","color_secondary":"#222222","color_body_bg":"#fff","heading_text_color":"#222222","body_font_handle":"poppins_n4","body_custom_font_handle_enable":true,"body_custom_font_handle":"Poppins","header_font_handle":"poppins_n5","header_custom_font_handle_enable":true,"header_custom_font_handle":"Poppins","paragraph_font_handle":"poppins_n4","paragraph_custom_font_handle_enable":true,"paragraph_custom_font_handle":"Poppins","enable_rtl":false,"enable_box":false,"body_bgcolor":"#f8f8f8","body_bgcolor_enable":false,"body_bgimg":"shopify:\/\/shop_images\/box-bg.png","body_bgimg_enable":true,"body_boxshadow_enable":true,"google_analytic_enable":true,"google_tracking_id":"UA-110326897-1","logo_header":"shopify:\/\/shop_images\/logo-1.svg","logo_footer":"shopify:\/\/shop_images\/logo-1.svg","favicon":"shopify:\/\/shop_images\/favicon_dbbdd964-343e-4c1f-ab35-a8ed8a654f84.png","newsletter_popup_enable":true,"newsletter_bg_img":"shopify:\/\/shop_images\/news-bg_2_13793b84-07b8-4518-bd10-29942306d8b0.jpg","newletter_popup_title":"Become a subscriber","newsletter_text":"Subscribe to get the notification of latest posts","email_placeholder":"Your email address","newsletter_button_name":"Subscribe","payment_picker":"visa, paypal, master, google_pay, american_express","image_ratio":"portrait","enable_hover_product":true,"show_cart_note":true,"is_free_shipping_bar":true,"quickview_title":"Quickview","breadcrumb_banner_enable":true,"breadcrumb_banner_bg":"#fafafa","breadcrumb_banner_overlay_color":"#000000","breadcrumb_banner_opacity":0,"breadcurmb_page_title_color":"#717171","social_icon_1_name":"fa fa-whatsapp","social_icon_1_link":"https:\/\/www.whatsapp.com","social_icon_2_name":"fa fa-facebook-f","social_icon_2_link":"https:\/\/web.facebook.com","social_icon_3_name":"fa fa-twitter","social_icon_3_link":"https:\/\/twitter.com","social_icon_4_name":"fa fa-instagram","social_icon_4_link":"https:\/\/www.instagram.com","social_icon_5_name":"fa fa-pinterest-p","social_icon_5_link":"https:\/\/pinterest.com","social_icon_6_name":"fa fa-youtube","social_icon_6_link":"https:\/\/www.youtube.com","wishlist_page_url":"shopify:\/\/pages\/wishlist","wishlist_enable":true,"blog_read_btn":"Read more","blog_image_ratio":"portrait","login_sub_text":"Please login below account detail","dnt_acc_title":"Don't have an account?","acc_opacity":0.1,"log_term_con_syn":"*","log_term_con_text":"Terms & conditions.","log_term_con_url":"","log_pri_pol_desc":"Your privacy and security are important to us. For more information on how we use your data read our","log_pri_pol_text":"Privacy policy","log_pri_pol_url":"","register_sub_text":"Please register below account detail","alredy_acc_title":"Already an account holder?","customer_logout_title":"Logout","section_padding_top":80,"section_padding_bottom":80,"section_padding_top_xs":40,"section_padding_bottom_xs":40,"checkout_header_image":"","checkout_logo_image":"","checkout_logo_position":"left","checkout_logo_size":"medium","checkout_body_background_image":"","checkout_body_background_color":"#fff","checkout_input_background_color_mode":"white","checkout_sidebar_background_image":"","checkout_sidebar_background_color":"#fafafa","checkout_heading_font":"-apple-system, BlinkMacSystemFont, 'Segoe UI', Roboto, Helvetica, Arial, sans-serif, 'Apple Color Emoji', 'Segoe UI Emoji', 'Segoe UI Symbol'","checkout_body_font":"-apple-system, BlinkMacSystemFont, 'Segoe UI', Roboto, Helvetica, Arial, sans-serif, 'Apple Color Emoji', 'Segoe UI Emoji', 'Segoe UI Symbol'","checkout_accent_color":"#5fa800","checkout_button_color":"#5fa800","checkout_error_color":"#e32c2b","breadcrumb_padding_top":"15","breadcrumb_padding_bottom":"15","breadcrumb_padding_top_xs":"15","breadcrumb_padding_bottom_xs":"15","breadcurmb_title_color":"#717171","active_breadcurmb_page_title_color":"#80bb01","other_font_handle":"poppins_n6","logo_header_svg_url":"logo-1.svg","logo_footer_svg_url":"logo-1.svg","search_title":"Search","blog_search_placeholder":"Search blog","search_placeholder":"Search product.","archive_title":"Archive","recent_title":"Recent post","recent_post_limit_handle":"5","blog_tags_title":"Tags","blog_tags_list_limit_handle":"15","add_wishlit_title":"Add wishlist","loading_wishlist":"Loding..","remove_wishlit_title":"Remove From wishlist","go_to_wishlit_title":"Go to wishlist","wishlist_empty_title1":"Your","wishlist_empty_title2":"wishlist","wishlist_empty_title3":"is currently","wishlist_empty_title4":"empty!","login_request_title":"Please login your account","topbar_notification_enable":true,"notification_text":"<span>Free shipping<\/span> orders from all item","notification_bg_color":"rgba(0,0,0,0)","notification_text_color":"#333333","notification_wishlist_title":"My wishlist","notification_order_title":"Order history","notification_cart_title":"My cart","cart_button_title":"Add to cart","unavailable_title":"Sold out","soldout_button_title":"Sold out","empty_cart":"No products in the cart.","cart_desc1":"There are","cart_desc2":"Products","cart_sub_total":"Sub total:","cart_view":"View cart","cart_checkout":"Checkout","product_quickview_enalbe":true,"new_title":"","sale_title":"","soldout_title":"","sale_percent_enable":false,"newsletter_img":"shopify:\/\/shop_images\/logo_e54c12d1-8d9f-454a-af8a-0978cedf2584.png","notification_button_name":"","multi_currency_enable":false,"show_symbol":false,"show_iso_code":false,"show_flag":false,"enable_preloader":false,"preloader_style":"Style_3","preloader_bg":"#ffffff","preloader_color":"#000000","preloader_border_color":"#ffffff","preloader_border_width":"5px","newsletter_action":"","one_day_popup_enable":true,"newsletter_overlay_bgcolor":"#ffffff","newsletter_overlay_opacicty":0.3,"popup_newsletter_title_color":"#232323","popup_newsletter_description_color":"#000000","input_fild_border_color":"#eee","input_fild_color":"#333333","categories_title":"Categories","categories_list_limit_hanlde":"50","review_app":"shopify-app","custom_page_margin_top":"100","custom_page_margin_bottom":"100","section_margin_top_xs":"70","section_margin_bottom_xs":"70","wait_title":"","added_title":"","affiliate_cart_button_title":"","successfull_note":"Added to cart successfully!","view_cart_button2":"View Cart","opps_404":"","heading_4041":"4","heading_4042":"0","heading_4043":"4","sub_text_4041":"Page","sub_text_4042":"Not","sub_text_4043":"Be","sub_text_4044":"Found","desc_text_404":"Sorry but the page you are looking for does not exist, have been removed, name changed or is temporarity unavailable.","button_title":"Go to home page","button_url":"\/","qcv_add_to_cart_text":"","qcv_cart_added_text":"","qcv_cart_error_text":"","qcv_cart_wait_text":"","review_enable":true,"notification_account":"Account","topbar_color_1":"#ff0000","topbar_color_2":"#4b00fa","notification_overlay_color":"#ffffff","notification_overlay_opacity":0,"notificaction_button_bg_color":"#61ab00","notificaction_button_border_color":"#61ab00","notificaction_button_color":"#ffffff","notificaction_button_hover_bg_color":"rgba(0,0,0,0)","notificaction_button_hover_border_color":"#61ab00","notificaction_button_hover_color":"#61ab00","notificaction_close_button_bg_color":"","notificaction_close_button_border_color":"rgba(0,0,0,0)","notificaction_close_button_color":"#ffffff","notificaction_close_button_hover_bg_color":"rgba(0,0,0,0)","notificaction_close_button_hover_border_color":"rgba(0,0,0,0)","notificaction_close_button_hover_color":"#ffffff","vendors_title":"Vendors","vendors_list_limit_hanlde":"50","types_title":"Products Types","types_list_limit_hanlde":"50","color_title":"Color","color_picker":"DarkKhaki,\nBurlyWood,\nAntiqueWhite,\nGrey,\nLightSeaGreen,\nLightSalmon,\nFloralWhite,\nDarkSeaGreen,\nPaleVioletRed,\nPaleGoldenRod,\nMistyRose,\nSkyBlue,\nSilver,\nLinen,\nSkyBlue,\nSilver,\nSeaShell,\nTomato,\nThistle,\nSnow,\nWhite,\nSandyBrown,\nBlack,\nRosyBrown,\nPowderBlue,\nPapayaWhip,\nPink,\nRosyBrown,\nLinen,\nLightSlateGrey,\nMaroon,\nLightSteelBlue,\nWhite,\nBlack,","colors_list_limit_hanlde":"50","size_title":"Size","size_picker":"1\/kg,\n5\/kg,\n2\/kg,\n3\",\n4\",\n5\",\n9\",\n2.5\",\n8cm,\n9cm,\n10cm,\n15cm,\n9x6,\n12x10,\n5x5,\n30x30,\n18x18,\n20x20,\n15cm,\n6cm,\n2cm,\n30x30,\n35x35,\n15x24,\n1\/kg,\n2\/kg,\n5\/kg,\n11\",12\",8\",\n15\",16\",28\",\n12rose,\n24rose,\n48rose,","size_list_limit_hanlde":"50","tags_title":"Tags","tags_list_limit_hanlde":"50","best_product_limit_hanlde":"","best_product__title":"Best product","best_product_limit_hanlde5":"3","heading_404":"404","sub_text_404":"PAGE NOT BE FOUND","button_name":"Subscribe","newsletter_overlay_color":"#000","newsletter_button_bg_color":"#d92542","newsletter_button_color":"#ffffff","newsletter_button_hover_bg_color":"#232323","newsletter_button_hover_color":"#fff","close_icon_color":"#ffffff","recent_post_title":"Recent post","wishlist_empty_title":"Your wishlist is currently empty!","notification_overlay_rgb_colo":"#000000","notification_overlay_rgb_color":"0, 0, 0","product_quickview_description_enable":true,"paragraph_font":"raleway_n4","body_font":"alfie_n4","type_header_font":"abril_fatface_n4","heading_font":"alfie_n4","breadcrumb_banner_image_enable":false,"cart_notes_enable":true,"cart_vendor_enable":false,"ajax_cart_method":"drawer","logo_use_image":false,"logo_max_width":"450","favicon_enable":false,"color_body_text":"#333333","color_borders":"#e5e5e5","color_footer_bg":"#f2f2f2","color_footer_text":"#636363","footer_newsletter_enable":true,"sections":{"header":{"type":"header","settings":{"sitcky_switch":true,"main_menu_selected":"main-menu","header_bgcolor":"rgba(0,0,0,0)","searchbar_checkbox":true}},"footer":{"type":"footer","blocks":{"1584526586878":{"type":"footer_menu","settings":{"footer_menu_title":"Top categories","footer_menu_handle":"footer"}},"1584526592848":{"type":"footer_menu","settings":{"footer_menu_title":"Services","footer_menu_handle":"footer-menu2"}},"1584526598784":{"type":"footer_menu","settings":{"footer_menu_title":"Privacy & terms","footer_menu_handle":"footer-menu3"}},"1584526605479":{"type":"footer_menu","settings":{"footer_menu_title":"My account","footer_menu_handle":"footer-men4"}}},"block_order":["1584526586878","1584526592848","1584526598784","1584526605479"],"settings":{"section_padding_top":80,"section_padding_bottom":80,"section_padding_top_xs":50,"section_padding_bottom_xs":50,"bg_img_check":true,"footer_bg_img":"shopify:\/\/shop_images\/Untitled-1_156403f7-af42-40f3-b865-200f2bc4e863.jpg","foot_bgcolor":"#f9f9f9","logo_about":"Tortor neque egestas augue, eu vulputate magnaTortor neque egestas augue, eu vulputate magna social-icon social-icon","footer_newsletter_enable":true,"newsletter_title":"Get the latest deals","sub_title":"Receive $20 coupon for first shopping","thanks_title":"THANK YOU FOR SUBSCRIBING! USE COUPEN CODE: VEGIST20","email_placeholder":"Enter your email address"}},"collection-template":{"type":"collection-template","settings":{"products_limit_handle":18,"collection_info_enable":true,"tab_bar_enable":true,"short_by_enable":true,"sidebar_handle":"left_sidebar_handle","sidebar_banner_url":"https:\/\/vegina-store.myshopify.com\/collections\/cat8\/products\/orange-juice-5ltr"}},"product-template":{"type":"product-template","settings":{"service_title1":"DELIVERY INFO","service_text1":"From then, delivery is generally within 2-10 days, depending on your location.","service_title2":"30 DAYS RETURNS","service_text2":"Not the right fit? No worries. We'll arrange pick up and a full refund within 7 days including the delivery fee.","service_title3":"10 YEAR WARRANTY","service_text3":"Quality comes first and our products are designed to last."}},"related-product":{"type":"related-product","settings":{"related_title":"Related Product"}},"blog-template":{"type":"blog-template","settings":{"blog_news_column":"6","blog_news_limit_handle":6,"blog_news_cmt":"Comment","recent_post_enable":true,"tags_enable":true}},"article-template":{"type":"article-template","settings":{"article_through":"By","article_cmt":"Comments","article_cmt_send":"Sending","article_cmt_done":"Done!","article_avtar_enable":false,"comment_post_limit_handle":"5","sidebar_handle":"left_sidebar_handle","recent_post_enable":true,"tags_enable":true}},"1537092551066":{"type":"featured-product","blocks":{"1584168950333":{"type":"product_tab","settings":{"tab_product":"fruits"}},"1574764873111":{"type":"product_tab","settings":{"tab_product":"fast-foods"}},"1577955229546":{"type":"product_tab","settings":{"tab_product":"frontpage"}}},"block_order":["1584168950333","1574764873111","1577955229546"],"settings":{"section_padding_top":80,"section_padding_bottom":80,"section_padding_top_xs":50,"section_padding_bottom_xs":50,"section_title":"Our products","product_col":"2","featured_product_limit_handle":"24"}},"counter-up":{"type":"counter-up","blocks":{"1537597842798":{"type":"single_item","settings":{"counter_number":"21","counter_main_text_color":"#cf3333","counter_title":"Years In Business","counter_text_color":"#ffffff"}},"1537597845293":{"type":"single_item","settings":{"counter_number":"210","counter_main_text_color":"#ffffff","counter_title":"Clients And Partners","counter_text_color":"#ffffff"}},"1537597873829":{"type":"single_item","settings":{"counter_number":"18","counter_main_text_color":"#ffffff","counter_title":"Show Room","counter_text_color":"#ffffff"}},"1537597889189":{"type":"single_item","settings":{"counter_number":"17","counter_main_text_color":"#ffffff","counter_title":"Billon Sales","counter_text_color":"#ffffff"}}},"block_order":["1537597842798","1537597845293","1537597873829","1537597889189"],"settings":{"counter_bgcolor_check":true,"counter_bgcolor":"#f5ab1e"}},"brand-logo":{"type":"brand-logo","blocks":{"1578114441052":{"type":"single_brand","settings":{"brand_image":"shopify:\/\/shop_images\/l7.jpg"}},"1578114454082":{"type":"single_brand","settings":{"brand_image":"shopify:\/\/shop_images\/l6.jpg"}},"1578114460303":{"type":"single_brand","settings":{"brand_image":"shopify:\/\/shop_images\/l5.jpg"}},"1578114465107":{"type":"single_brand","settings":{"brand_image":"shopify:\/\/shop_images\/l5.jpg"}},"1578114470202":{"type":"single_brand","settings":{"brand_image":"shopify:\/\/shop_images\/l4.jpg"}},"1578114474951":{"type":"single_brand","settings":{"brand_image":"shopify:\/\/shop_images\/l3.jpg"}},"1584020580960":{"type":"single_brand","settings":{"brand_image":"shopify:\/\/shop_images\/l1.jpg"}}},"block_order":["1578114441052","1578114454082","1578114460303","1578114465107","1578114470202","1578114474951","1584020580960"],"settings":{"brand_padding_top":60,"brand_padding_bottom":60,"brand_check":true,"brand_bgcolor":"#ffffff"}},"contact-template":{"type":"contact-template","blocks":{"1537611083413":{"type":"contact_info","settings":{"info_icon":"fa fa-street-view","info_title":"Address","info_des":"255 Parker St.\nEnglishtown, NJ 07726"}},"1537611091444":{"type":"contact_info","settings":{"info_icon":"fa fa-phone","info_title":"Phone","info_des":"+1234568999"}},"1537611143786":{"type":"contact_info","settings":{"info_icon":"fa fa-envelope","info_title":"Email","info_des":"yoursite@demo.com"}}},"block_order":["1537611083413","1537611091444","1537611143786"],"settings":{"contact_us_title":"Contact Us","contact_us_des":"","contact_us_map_enable":true,"contact_drop_title":"Drop us message","name_placeholder":"Enter your name","email_placeholder":"Enter your email address","message_placeholder":"Your message here...","form_button_name":"Submit","form_btn_icon":"fa fa-arrow-right","contact_form_title":"Get in Touch","contact_form_desc":"Lorem ipsum dolor sit amet, consectetur adipisicing elit. Rerum earum eveniet dolorum suscipit nesciunt incidunt animi repudiandae ab at, tenetur distinctio voluptate vel illo similique."}},"faq":{"type":"faq","blocks":{"1537765826500":{"type":"accordion_area","settings":{"accordion_title":"What is Mikshaa’s return policy?","accordion_ans1":"Our 100% buyer protection program allows for easy returns Only for products not as per description\/photo on the website and products which you received in damaged\/defective\/broken\" condition."}},"1584105510529":{"type":"accordion_area","settings":{"accordion_title":"How to raise dispute for an order?","accordion_ans1":"You can raise a dispute within 7 days of delivery, in either of by sending an email to support@mikshaa.com with images of broken\/defective\/damaged products within 7 days of delivery, please mention your order number in the email and sign into your Mikshaa account if you are a registered customer (Easy method)."}},"1584105539331":{"type":"accordion_area","settings":{"accordion_title":"When will i be refunded?","accordion_ans1":"Reverse pickup orders We will initiate refund once the item is picked up by our courier partner."}},"1584105624501":{"type":"accordion_area","settings":{"accordion_title":"What are the shipping charges?","accordion_ans1":"Delivery charge varies with each product. Most of product FREE delivery in India."}},"1584105641154":{"type":"accordion_area","settings":{"accordion_title":"What is the estimated delivery time?","accordion_ans1":"The estimated time of delivery is within 7 working days for domestic orders and 15-20 working days for international orders. All orders get shipped within 4 to 5 days from the warehouse."}},"1584105656048":{"type":"accordion_area","settings":{"accordion_title":"How will the delivery be done?","accordion_ans1":"We try to process all deliveries through reputed courier companies like Bluedart, Aramex,E-come, DTDC, DHL and Fedex. In some cases, your pincode is not serviceable by these courier companies, we use Indian Speed Post for those deliveries."}},"1584105669751":{"type":"accordion_area","settings":{"accordion_title":"How are items packaged?","accordion_ans1":"All items are carefully packaged as to avoid any form of damage."}},"1584105687854":{"type":"accordion_area","settings":{"accordion_title":"Who would be responsible for paying local taxes in countries outside of India?","accordion_ans1":"Customs duty & other international taxes etc. if applicable will have to be borne by the customer according to the laws of the land."}},"1584105992587":{"type":"accordion_area","settings":{"accordion_title":"How do i pay for a Mikshaa’s purchase?","accordion_ans1":"Mikshaa offers you multiple payment methods. Whatever your online mode of payment, you can trust assured that Mikshaa's trusted payment gateway partners use secure encryption technology to keep your transaction details confidential at all times."}},"1584106005312":{"type":"accordion_area","settings":{"accordion_title":"Can i make a credit\/debit card or Internet Banking payment through my mobile?","accordion_ans1":"Yes, you can make credit card payments through the Mikshaa mobile site. Mikshaa uses 256-bit encryption technology to protect your card information while securely transmitting it to the secure and trusted payment gateways managed by leading banks."}},"1584106020747":{"type":"accordion_area","settings":{"accordion_title":"Is it safe to use my credit\/debit card on Mikshaa?","accordion_ans1":"Is it safe to use my credit\/debit card on Mikshaa?"}},"1584106032104":{"type":"accordion_area","settings":{"accordion_title":"Does Craftsvilla store my credit card information?","accordion_ans1":"No, Mikshaa does not collect or store your account information at all. Your transaction is authorized at multiple points, first by EBS\/CCavenue and subsequently by Visa\/MasterCard\/Amex secure directly without any information passing through us."}}},"block_order":["1537765826500","1584105510529","1584105539331","1584105624501","1584105641154","1584105656048","1584105669751","1584105687854","1584105992587","1584106005312","1584106020747","1584106032104"],"settings":{"faq_title":"FAQ's"}},"list-collection-template":{"type":"list-collection-template","settings":{}},"1580272775130":{"type":"blog-home","settings":{"section_padding_top":80,"section_padding_bottom":80,"section_padding_top_xs":50,"section_padding_bottom_xs":50,"blog_title":"Recent news","blog_bgcolor":"rgba(0,0,0,0)","blog_cmt":"Comment","blog_view_btn":"View all","blog_view_btn_url":"shopify:\/\/blogs\/news","blog":"news","loop":true,"autoplay":true,"autoplay_time":5000}},"copyright":{"type":"copyright","settings":{"foot_bt_padding_top":15,"foot_bt_padding_bottom":15,"copy_right_text":"Copyright © {{ 'now' | date: '%Y' }} by spacingtech","copyright_switch":true,"paymrnt_switch":true}},"about-template":{"type":"about-template","blocks":{"1584019336826":{"type":"about-description","settings":{"about_banner_des":"There is something about the saree that makes a woman look dignified, glorifying  and every bit stylish. Mikshaa was set up in the year 2017 with a motive to offer its designer collection at competitive price and merchantable quality to its whole  seller and worldwide online customer."}},"1584019369779":{"type":"about-description","settings":{"about_banner_des":"No matter what your individual style may be, you are sure to find a beautiful saree that will match your taste, given the large collection of stunning Indian sarees that can be worn almost on all the occasions be it wedding, formal parties, Bridal, family get togethers and more!"}},"1584019372626":{"type":"about-description","settings":{"about_banner_des":"Mikshaa is the trusted online ethnic wears store and feels proud in Indian heritage and cultural diversity in women wears. With so many different styles of drape, so many different patterns and fabric choices, sarees can fill every wardrobe with much needed variety. When in doubt, it’s your best bet at looking elegant and put-together. Every state in India and worldwide are put together to cater best in terms of Indian fashion trends and women clothing range."}},"1584089892795":{"type":"about-description","settings":{"about_banner_des":"Mikshaa goals is the all worldwide delivered to ethnic wears for women. Celebrate big fat Indian occasions such as Diwali, Navratri, Durga Puja, Holi and marriage celebration with our evergreen collection of online Indian ethnic wears for women. A wide Variety of option are available at the click of mouse."}},"1584089930264":{"type":"about-description","settings":{"about_banner_des":"Mikshaa is a great online destination to explore its extraordinary collection for sarees and other ehnic wears the best part is the site has the most competitive price and a wide eclectic range of products guaranteed to satisfy every customer. Mikshaa ensures excellent delivery services to its buyer in a good condition and in a prompt manner."}},"1584089941943":{"type":"about-description","settings":{"about_banner_des":"Mikshaa collection is also available in the overseas market (USA, UK, Europe, Australia, Southeast Asia, Dubai, Srilanka and other countries) under the brand name of Mikshaa."}}},"block_order":["1584019336826","1584019369779","1584019372626","1584089892795","1584089930264","1584089941943"],"settings":{"about_product_title":"What We Do?","about_des":"Lorem ipsum dolor sit amet, consectetur adipiscing elit. Praesent sed libero vel ex maximus vulputate nec eu ligula. Vestibulum elementum nisi ut fermentum lobortis. Sed quis iaculis felis.","about_banner_img":"shopify:\/\/shop_images\/cat9.jpg"}},"our-services":{"type":"our-services","blocks":{"1584020358986":{"type":"our_services","settings":{"service_icon":"fa fa-truck","service_title":"Free Delivery","service_subtitle":"Free shipping for orders over $50"}},"1584020378213":{"type":"our_services","settings":{"service_icon":"fa fa-rupee","service_title":"Cash On Delivery","service_subtitle":"Free shipping for orders over $50"}},"1584020412685":{"type":"our_services","settings":{"service_icon":"fa fa-refresh","service_title":"30 Days Returns","service_subtitle":"Free shipping for orders over $50"}},"1584020427136":{"type":"our_services","settings":{"service_icon":"fa fa-headphones","service_title":"Online Support","service_subtitle":"Free shipping for orders over $50"}}},"block_order":["1584020358986","1584020378213","1584020412685","1584020427136"],"settings":{"our_ser_bgcolor":"rgba(0,0,0,0)"}},"payment-policy":{"type":"payment-policy","blocks":{"1584100339031":{"type":"payment-policy","settings":{"pay_policy_que":"How do i pay for a Vegist’s purchase?","pay_policy_ans1":"vegist offers you multiple payment methods. Whatever your online mode of payment, you can trust assured that Vegist's trusted payment gateway partners use secure encryption technology to keep your transaction details confidential at all times.","pay_policy_ans2":"You may use Internet Banking, Debit Card, Credit Card and Cash on Delivery to make your purchase. We also accept payments made using Visa, MasterCard, American Express and Any Club credit\/debit cards."}},"1584100428640":{"type":"payment-policy","settings":{"pay_policy_que":"Can i make a credit\/debit card or Internet Banking payment through my mobile?","pay_policy_ans1":"Yes, you can make credit card payments through the Vegist mobile site. Vegist uses 256-bit encryption technology to protect your card information while securely transmitting it to the secure and trusted payment gateways managed by leading banks.","pay_policy_ans2":""}},"1584100489709":{"type":"payment-policy","settings":{"pay_policy_que":"Is it safe to use my credit\/debit card on Vegist?","pay_policy_ans1":"All Credit\/Debit card details remain confidential and private. Vegist and our trusted payment gateways use SSL encryption technology to protect your card information.","pay_policy_ans2":""}},"1584100780485":{"type":"payment-policy","settings":{"pay_policy_que":"Does Craftsvilla store my credit card information?","pay_policy_ans1":"No, Vegist does not collect or store your account information at all. Your transaction is authorized at multiple points, first by EBS\/CCavenue and subsequently by Visa\/MasterCard\/Amex secure directly without any information passing through us.","pay_policy_ans2":""}}},"block_order":["1584100339031","1584100428640","1584100489709","1584100780485"],"settings":{"pay_policy_title":"Payment Policy"}},"shipping-policy":{"type":"shipping-policy","blocks":{"1584101187274":{"type":"shipping-policy","settings":{"ship_policy_que":"What are the shipping charges?","ship_policy_ans1":"Delivery charge varies with each product. Most of product FREE delivery in India.","ship_policy_ans2":"Some items may have a shipping cost depending on the product."}},"1584101354017":{"type":"shipping-policy","settings":{"ship_policy_que":"What is the estimated delivery time?","ship_policy_ans1":"The estimated time of delivery is within 7 working days for domestic orders and 15-20 working days for international orders. All orders get shipped within 4 to 5 days from the warehouse.","ship_policy_ans2":""}},"1584101368115":{"type":"shipping-policy","settings":{"ship_policy_que":"How will the delivery be done?","ship_policy_ans1":"We try to process all deliveries through reputed courier companies like Bluedart, Aramex,E-come, DTDC, DHL and Fedex. In some cases, your pincode is not serviceable by these courier companies, we use Indian Speed Post for those deliveries.","ship_policy_ans2":"If there is no courier service available in your area, we will get in touch with you and try to work out a convenient alternate delivery location that is serviced by our courier partners."}},"1584101384736":{"type":"shipping-policy","settings":{"ship_policy_que":"How are items packaged?","ship_policy_ans1":"All items are carefully packaged as to avoid any form of damage.","ship_policy_ans2":""}},"1584101397220":{"type":"shipping-policy","settings":{"ship_policy_que":"Who would be responsible for paying local taxes in countries outside of India?","ship_policy_ans1":"Customs duty & other international taxes etc. if applicable will have to be borne by the customer according to the laws of the land.","ship_policy_ans2":""}}},"block_order":["1584101187274","1584101354017","1584101368115","1584101384736","1584101397220"],"settings":{"ship_policy_title":"Shipping Policy"}},"privacy-policy":{"type":"privacy-policy","settings":{"privacy_policy_title":"Privacy Policy"}},"return-policy":{"type":"return-policy","blocks":{"1584101983799":{"type":"return-policy","settings":{"ret_policy_que":"What is Mikshaa’s return policy?","ret_policy_ans1":"Our 100% buyer protection program allows for easy returns Only for products not as per description\/photo on the website and products which you received in damaged\/defective\/broken\" condition.","ret_policy_ans2":"All products must be returned in their original condition along with the bills and labels."}},"1584102004469":{"type":"return-policy","settings":{"ret_policy_que":"How to raise dispute for an order?","ret_policy_ans1":"You can raise a dispute within 7 days of delivery, in either of by sending an email to support@mikshaa.com with images of broken\/defective\/damaged products within 7 days of delivery, please mention your order number in the email and sign into your Mikshaa account if you are a registered customer (Easy method).","ret_policy_ans2":"Product After 7 days Of Delivery Return Can not accepted."}},"1584102042271":{"type":"return-policy","settings":{"ret_policy_que":"When will i be refunded?","ret_policy_ans1":"Reverse pickup orders We will initiate refund once the item is picked up by our courier partner.","ret_policy_ans2":"Self ship orders We will refund when your item back from warehouse. The refund amount wii be credited within 3 to 5 working days in your Mikshaa Acoount."}}},"block_order":["1584101983799","1584102004469","1584102042271"],"settings":{"ret_policy_title":"Return Policy"}},"1589980286553":{"type":"banner-grid","blocks":{"1589980286553-0":{"type":"full_width_banner","settings":{"banner_img":"shopify:\/\/shop_images\/banner20.jpg","banner_label":"Organic juice","text_color":"#232323","banner_title":"Fresh vegetable<br>on our product","banner_button_text":"Shop now","banner_url":"shopify:\/\/collections\/cat4"}},"1589980286553-1":{"type":"full_width_banner","settings":{"banner_img":"shopify:\/\/shop_images\/banner21.jpg","banner_label":"Fresh food","text_color":"#232323","banner_title":"Eggplant<br>fresh meat","banner_button_text":"Shop now","banner_url":"shopify:\/\/products\/children-formal-shirt"}},"1592644014066":{"type":"full_width_banner","settings":{"banner_img":"shopify:\/\/shop_images\/banner22.jpg","banner_label":"Organic egg plant","text_color":"#232323","banner_title":"Egg & sea<br>festive still life","banner_button_text":"Shop now","banner_url":"shopify:\/\/collections\/frontpage"}}},"block_order":["1589980286553-0","1589980286553-1","1592644014066"],"settings":{"section_padding_top":80,"section_padding_bottom":0,"section_padding_top_xs":50,"section_padding_bottom_xs":0}},"1592650120068":{"type":"our-services","blocks":{"1592650120068-0":{"type":"our_services","settings":{"service_icon":"ti-truck","service_title":"Free delivary","service_subtitle":"Orders from all item"}},"1592650120068-1":{"type":"our_services","settings":{"service_icon":"ti-money","service_title":"Return & refund","service_subtitle":"Money back guarantee"}},"1592650120068-2":{"type":"our_services","settings":{"service_icon":"ti-headphone","service_title":"Quality support","service_subtitle":"Alway online 24\/7"}},"1592650302484":{"type":"our_services","settings":{"service_icon":"ti-email","service_title":"Join newslleter","service_subtitle":"20% off by subscribing"}}},"block_order":["1592650120068-0","1592650120068-1","1592650120068-2","1592650302484"],"settings":{"section_padding_top":80,"section_padding_bottom":0,"section_padding_top_xs":50,"section_padding_bottom_xs":0,"our_ser_bgcolor":"rgba(0,0,0,0)"}},"1605959350c160af9d":{"type":"slider","blocks":{"1605959350c160af9d-0":{"type":"slide","settings":{"slider_bg_img":"shopify:\/\/shop_images\/slider12_778ed8e7-49ae-494f-b4d2-296da347b42d.jpg","slider_img":"shopify:\/\/shop_images\/mobileslider-1_e6322613-6df8-41df-aaaf-8e33fe674d00.jpg","slider_url":"shopify:\/\/collections\/frontpage","slider_title":"Farmfood freshbox","slider_title_color":"#222222","slider_sub_title":"Fresh & healthy","slider_sub_title_color":"#222222","slider_button":"Shop now","slider_button_color":"#222222"}},"1605959350c160af9d-1":{"type":"slide","settings":{"slider_bg_img":"shopify:\/\/shop_images\/slider12_5aa8cd36-064b-4108-886d-de5534fda76b.jpg","slider_img":"shopify:\/\/shop_images\/mobileslider-2_a422cb90-698c-48f6-869c-ca4c8d3226cc.jpg","slider_url":"shopify:\/\/collections\/frontpage","slider_title":"Pure and organic","slider_title_color":"#222222","slider_sub_title":"Honey flat 20% off","slider_sub_title_color":"#222222","slider_button":"Shop now","slider_button_color":"#222222"}},"e42424fa-568e-4e27-84b0-15be7f95f447":{"type":"slide","settings":{"slider_bg_img":"shopify:\/\/shop_images\/slider14_633f4df9-822d-4c4a-9e13-11d61c5933b7.jpg","slider_img":"shopify:\/\/shop_images\/mobileslider-3_15b1489e-9aca-4ba4-8bd1-10115d76c938.jpg","slider_url":"shopify:\/\/collections\/cat5","slider_title":"Always fresh beans","slider_title_color":"#222222","slider_sub_title":"Best collections","slider_sub_title_color":"#222222","slider_button":"Shop now","slider_button_color":"#222222"}}},"block_order":["1605959350c160af9d-0","1605959350c160af9d-1","e42424fa-568e-4e27-84b0-15be7f95f447"],"settings":{"loop":true,"autoplay":true,"autoplay_time":5000,"nav":true,"pagination":true}},"1659602615eade6816":{"type":"slider-category","blocks":{"1577529488318":{"type":"slider_category","settings":{"slider_category_handle":"cat1","item_title":"Item"}},"1577262015650":{"type":"slider_category","settings":{"slider_category_handle":"cat2","item_title":"Item"}},"1577261996204":{"type":"slider_category","settings":{"slider_category_handle":"cat7","item_title":"Item"}},"1577261976055":{"type":"slider_category","settings":{"slider_category_handle":"cat3","item_title":"Item"}},"1582708116625":{"type":"slider_category","settings":{"slider_category_handle":"cat8","item_title":"Item"}},"1584511593931":{"type":"slider_category","settings":{"slider_category_handle":"cat6","item_title":"Item"}},"1589635476396":{"type":"slider_category","settings":{"slider_category_handle":"cat5","item_title":"Item"}},"1592477529315":{"type":"slider_category","settings":{"slider_category_handle":"cat7","item_title":"Item"}},"1592477540650":{"type":"slider_category","settings":{"slider_category_handle":"cat9","item_title":"Item"}}},"block_order":["1577529488318","1577262015650","1577261996204","1577261976055","1582708116625","1584511593931","1589635476396","1592477529315","1592477540650"],"settings":{"section_padding_top":80,"section_padding_bottom":0,"section_padding_top_xs":50,"section_padding_bottom_xs":0,"our_ser_bgcolor":"rgba(0,0,0,0)","slider_cat_title":"Shop by category","loop":true,"autoplay":true,"autoplay_time":5000}},"165961220326226885":{"type":"new-product","settings":{"section_padding_top":80,"section_padding_bottom":0,"section_padding_top_xs":50,"section_padding_bottom_xs":0,"section_title":"Trending products","category_product_limit_handle":"10","label_product":"frontpage","loop":true,"autoplay":true,"autoplay_time":5000}},"16596133906d7ac0d9":{"type":"deal-banner","settings":{"section_ttsub":"We offer a hot deal offer every festival","section_title":"Deal of the day! <span>Sale<\/span>","deal_bg_img":"shopify:\/\/shop_images\/dealbanner3_89856af2-8887-49a4-a5c4-a936151b995c.jpg","product_mont":"December","product_year":"2024","product_date":"30","shop_btn":"Shop collection","collection_url":"shopify:\/\/collections\/frontpage"}},"top-nocification-bar":{"type":"top-nocification-bar","settings":{"topbar_notification_enable":true,"notification_text":"<span>Free shipping<\/span> orders from all item","notification_bg_color":"rgba(0,0,0,0)","notification_text_color":"#222222","notification_account_title":"Account","notification_logout_title":"Logout","notification_register_title":"Register","notification_login_title":"Log in","notification_checkout_title":"Checkout","notification_wishlist_title":"My Wishlist","notification_order_title":"Order History","notification_cart_title":"My Cart"}}},"content_for_index":["1605959350c160af9d","1589980286553","1592650120068","1659602615eade6816","1537092551066","16596133906d7ac0d9","165961220326226885","1580272775130"],"blocks":{"14060646107696862457":{"type":"shopify:\/\/apps\/judge-me-reviews\/blocks\/judgeme_core\/61ccd3b1-a9f2-4160-9fe9-4fec8413e5d8","disabled":false,"settings":{}}}},"presets":{"Default":{"ajax_cart_method":"drawer","cart_notes_enable":true,"color_body_bg":"#fff","color_body_text":"#333333","color_borders":"#e5e5e5","color_footer_bg":"#f2f2f2","color_footer_social_link":"#bbbbbb","color_footer_text":"#636363","color_primary":"#747474","color_secondary":"#bbb","favicon_enable":false,"footer_newsletter_enable":true,"footer_social_enable":true,"logo_use_image":false,"social_facebook_link":"","social_twitter_link":""}}}