{"current":{"color_primary":"#43b18a","color_secondary":"#291f51","color_body_bg":"#fff","heading_text_color":"#291f51","body_font_handle":"poppins_n4","body_custom_font_handle_enable":true,"body_custom_font_handle":"Poppins","header_font_handle":"poppins_n5","header_custom_font_handle_enable":true,"header_custom_font_handle":"Poppins","paragraph_font_handle":"poppins_n4","paragraph_custom_font_handle_enable":true,"paragraph_custom_font_handle":"Poppins","enable_rtl":false,"enable_box":false,"body_bgcolor_enable":true,"body_bgcolor":"#f8f8f8","body_bgimg":"shopify:\/\/shop_images\/box-bg.png","body_bgimg_enable":true,"body_boxshadow_enable":true,"google_analytic_enable":true,"google_tracking_id":"UA-110326897-1","logo_header_max_width":105,"logo_header":"shopify:\/\/shop_images\/logo-15.svg","logo_footer":"shopify:\/\/shop_images\/logo-15.svg","topbar_notification_enable":true,"notification_bg_color":"rgba(0,0,0,0)","notification_text1":"<p><a href=\"https:\/\/vegina-store.myshopify.com\/pages\/return-policy\">Free exchange<\/a> of products within 30 days<\/p>","notification_text2":"<p><strong>Premium brand products<\/strong> for an affordable price<\/p>","notification_text3":"<p><strong>100% MONEY BACK <\/strong>guarantee<\/p>","favicon":"shopify:\/\/shop_images\/favicon_dbbdd964-343e-4c1f-ab35-a8ed8a654f84.png","newsletter_popup_enable":true,"newsletter_bg_img":"shopify:\/\/shop_images\/news-bg_2_13793b84-07b8-4518-bd10-29942306d8b0.jpg","newletter_popup_title":"Become a subscriber","newsletter_text":"Subscribe to get the notification of latest posts","email_placeholder":"Your email address","newsletter_button_name":"Subscribe","payment_picker":"visa, paypal, master, american_express,maestro","second_title":"Sec","image_ratio":"portrait","cart_type":"drawer","show_cart_note":true,"is_free_shipping_bar":true,"quickview_enable":true,"breadcrumb_banner_enable":true,"breadcrumb_banner_image":"shopify:\/\/shop_images\/breadcrumb.jpg","breadcrumb_banner_bg":"rgba(0,0,0,0)","breadcrumb_banner_overlay_color":"#000000","breadcrumb_banner_opacity":0.2,"breadcurmb_page_title_color":"#ffffff","social_icon_1_name":"fa fa-whatsapp","social_icon_1_link":"https:\/\/www.whatsapp.com","social_icon_2_name":"fa fa-facebook-f","social_icon_2_link":"https:\/\/web.facebook.com","social_icon_3_name":"fa fa-twitter","social_icon_3_link":"https:\/\/twitter.com","social_icon_4_name":"fa fa-instagram","social_icon_4_link":"https:\/\/www.instagram.com","social_icon_5_name":"fa fa-pinterest-p","social_icon_5_link":"https:\/\/pinterest.com","social_icon_6_name":"fa fa-youtube","social_icon_6_link":"https:\/\/www.youtube.com","wishlist_page_url":"shopify:\/\/pages\/wishlist","wishlist_enable":true,"blog_read_btn":"Read more","blog_image_ratio":"portrait","login_sub_text":"Please login below account detail","dnt_acc_title":"Don't have an account?","acc_opacity":0.1,"log_term_con_syn":"*","log_term_con_text":"Terms & conditions.","log_pri_pol_desc":"Your privacy and security are important to us. For more information on how we use your data read our","log_pri_pol_text":"privacy policy","register_sub_text":"Please register below account detail","alredy_acc_title":"Already an account holder?","customer_logout_title":"Logout","section_padding_top":80,"section_padding_bottom":80,"section_padding_top_xs":40,"section_padding_bottom_xs":40,"checkout_logo_image":"shopify:\/\/shop_images\/logo-1.svg","checkout_logo_position":"left","checkout_logo_size":"medium","checkout_body_background_color":"#fff","checkout_input_background_color_mode":"white","checkout_sidebar_background_color":"#fafafa","checkout_heading_font":"-apple-system, BlinkMacSystemFont, 'Segoe UI', Roboto, Helvetica, Arial, sans-serif, 'Apple Color Emoji', 'Segoe UI Emoji', 'Segoe UI Symbol'","checkout_body_font":"-apple-system, BlinkMacSystemFont, 'Segoe UI', Roboto, Helvetica, Arial, sans-serif, 'Apple Color Emoji', 'Segoe UI Emoji', 'Segoe UI Symbol'","checkout_accent_color":"#f5ab1e","checkout_button_color":"#f5ab1e","checkout_error_color":"#e32c2b","breadcrumb_padding_top":"30","breadcrumb_padding_bottom":"30","breadcrumb_padding_top_xs":"15","breadcrumb_padding_bottom_xs":"15","breadcurmb_title_color":"#232323","active_breadcurmb_page_title_color":"#80bb01","other_font_handle":"poppins_n6","logo_header_svg_url":"logo-15.svg","logo_footer_svg_url":"logo-15.svg","newsletter_img":"shopify:\/\/shop_images\/logo_e54c12d1-8d9f-454a-af8a-0978cedf2584.png","show_vendor":true,"cart_drawer_collection":"bagel","search_title":"Search","blog_search_placeholder":"Search blog","archive_title":"Archive","recent_title":"Recent post","recent_post_limit_handle":"5","blog_tags_title":"Tags","blog_tags_list_limit_handle":"15","wishlit_title":"Wishlist","add_wishlit_title":"Add wishlist","loading_wishlist":"Loding..","remove_wishlit_title":"Remove from wishlist","go_to_wishlit_title":"Go to wishlist","wishlist_empty_title1":"Your","wishlist_empty_title2":"wishlist","wishlist_empty_title3":"is currently","wishlist_empty_title4":"empty!","login_request_title":"Please login your account","notification_text":"","empty_cart":"No products in the cart.","cart_desc1":"There are","cart_desc2":"products","cart_sub_total":"Sub total:","cart_view":"View cart","cart_checkout":"Checkout","cart_button_title":"Add to cart","unavailable_title":"Sold out","soldout_button_title":"Sold out","product_quickview_enalbe":true,"categories_title":"Categories","categories_list_limit_hanlde":"50","wishlist_type":"1","review_app":"shopify-app","notification_text_color":"#fff","topbar_color_1":"rgba(0,0,0,0)","topbar_color_2":"rgba(0,0,0,0)","notification_overlay_color":"rgba(0,0,0,0)","notification_overlay_opacity":0,"notificaction_button_bg_color":"#ffffff","notificaction_button_border_color":"rgba(0,0,0,0)","notificaction_button_color":"#000000","notificaction_button_hover_bg_color":"#d92542","notificaction_button_hover_border_color":"rgba(0,0,0,0)","notificaction_button_hover_color":"#ffffff","notificaction_close_button_border_color":"rgba(0,0,0,0)","notificaction_close_button_color":"#ffffff","notificaction_close_button_hover_bg_color":"rgba(0,0,0,0)","notificaction_close_button_hover_border_color":"rgba(0,0,0,0)","notificaction_close_button_hover_color":"#ffffff","show_symbol":false,"show_iso_code":false,"show_flag":false,"newsletter_action":"","one_day_popup_enable":true,"new_title":"New","sale_title":"Sale","soldout_title":"Soldout","sale_percent_enable":true,"newsletter_overlay_bgcolor":"#ffffff","newsletter_overlay_opacicty":0.3,"popup_newsletter_title_color":"#232323","popup_newsletter_description_color":"#000000","input_fild_border_color":"#eee","input_fild_color":"#222222","custom_page_margin_top":"100","custom_page_margin_bottom":"100","section_margin_top_xs":"70","section_margin_bottom_xs":"70","affiliate_cart_button_title":"","successfull_note":"Added to cart successfully!","view_cart_button2":"View cart","desc_text_404":"Sorry but the page you are looking for does not exist, have been removed, name changed or is temporarity unavailable.","button_title":"Go to home page","button_url":"\/","review_switch":false,"review_enable":true,"vendors_title":"Vendors","vendors_list_limit_hanlde":"50","types_title":"Products Types","types_list_limit_hanlde":"50","tags_title":"Tags","tags_list_limit_hanlde":"50","best_product__title":"Best product","best_product_limit_hanlde5":"3","heading_404":"404","sub_text_404":"PAGE NOT BE FOUND","button_name":"Subscribe","newsletter_button_bg_color":"#d92542","newsletter_button_color":"#ffffff","newsletter_button_hover_bg_color":"#232323","newsletter_button_hover_color":"#fff","close_icon_color":"#ffffff","recent_post_title":"Recent post","wishlist_empty_title":"Your wishlist is currently empty!","notification_overlay_rgb_colo":"#000000","notification_overlay_rgb_color":"0, 0, 0","paragraph_font":"raleway_n4","body_font":"alfie_n4","type_header_font":"abril_fatface_n4","heading_font":"alfie_n4","breadcrumb_banner_image_enable":false,"cart_notes_enable":true,"cart_vendor_enable":false,"logo_use_image":false,"logo_max_width":"450","favicon_enable":false,"color_body_text":"#333333","color_footer_bg":"#f2f2f2","color_footer_text":"#636363","footer_newsletter_enable":true,"footer_social_enable":true,"sections":{"header":{"type":"header","settings":{"sitcky_switch":true,"header_icon_color":"#222222","header_bgcolor":"#ffffff","header_bottom_bgcolor":"#43b18a","header_text_color":"#ffffff","main_menu_selected":"main-menu-juice","vega_menu_selected":"vega-menu","browse_cat_title":"Browse Category","searchbar_checkbox":true,"user_checkbox":true,"wishlist_checkbox":true}},"footer":{"type":"footer","blocks":{"1584526592848":{"type":"footer_menu","settings":{"container_width":25,"show_nav_title":true,"footer_menu_handle":"footer-menu2","text":""}},"1584526598784":{"type":"footer_menu","settings":{"container_width":25,"show_nav_title":true,"footer_menu_handle":"footer-menu3","text":""}},"1584526605479":{"type":"footer_menu","settings":{"container_width":25,"show_nav_title":true,"footer_menu_handle":"footer-men4","text":""}},"5c87128d-f135-45c1-b81b-4dc27c8f6d91":{"type":"newsletter","settings":{"container_width":25,"heading1":"Stay updated","social_enable":true,"news_des":"Apply for our free membership to receive exclusive deals, news, and events."}}},"block_order":["1584526592848","1584526598784","1584526605479","5c87128d-f135-45c1-b81b-4dc27c8f6d91"],"settings":{"section_padding_top":80,"section_padding_bottom":80,"section_padding_top_xs":50,"section_padding_bottom_xs":50,"foot_bgcolor":"rgba(0,0,0,0)"}},"1537075194786":{"type":"slider","blocks":{"1577278982741":{"type":"slide","settings":{"slider_bg_img":"shopify:\/\/shop_images\/slider1_38ed3069-e85a-4e63-921a-61784d4246c8.jpg","slider_img":"shopify:\/\/shop_images\/slider1-mobile.jpg","slider_sub_title":"Orange juicy","slider_subtitle_color":"#291f51","slider_title":"Appetizing fresh juice","slider_title_color":"#291f51","slider_button":"Shop now","slider_button_url":"shopify:\/\/collections\/vegist-juice","slider_content_position":"right"}},"1579843866511":{"type":"slide","settings":{"slider_bg_img":"shopify:\/\/shop_images\/slider2_cd5cbad9-f1c9-4ca2-98a9-18e7ff8cec92.jpg","slider_img":"shopify:\/\/shop_images\/slider2-mobile_cbcf9d4c-26e7-472e-9b92-7c255ba3d67e.jpg","slider_sub_title":"Strawberry juicy","slider_subtitle_color":"#291f51","slider_title":"blueberry fresh juice","slider_title_color":"#291f51","slider_button":"Shop now","slider_button_url":"shopify:\/\/collections\/vegist-juice","slider_content_position":"right"}},"1592479123765":{"type":"slide","settings":{"slider_bg_img":"shopify:\/\/shop_images\/slider3_2334bff8-32e0-4079-a00f-a8074e0d103c.jpg","slider_img":"shopify:\/\/shop_images\/slider3-mobile.jpg","slider_sub_title":"Kiwi juicy","slider_subtitle_color":"#291f51","slider_title":"Fresh for your heath","slider_title_color":"#291f51","slider_button":"Shop now","slider_button_url":"shopify:\/\/collections\/vegist-juice","slider_content_position":"right"}}},"block_order":["1577278982741","1579843866511","1592479123765"],"settings":{"loop":true,"autoplay":true,"autoplay_time":5000,"autoplay_speed":1000,"nav":true,"dots":true,"select_product":"vegist-juice","select_product_limit":6,"grid_full":false}},"counter-up":{"type":"counter-up","blocks":{"1537597842798":{"type":"single_item","settings":{"counter_number":"21","counter_main_text_color":"#cf3333","counter_title":"Years In Business","counter_text_color":"#ffffff"}},"1537597845293":{"type":"single_item","settings":{"counter_number":"210","counter_main_text_color":"#ffffff","counter_title":"Clients And Partners","counter_text_color":"#ffffff"}},"1537597873829":{"type":"single_item","settings":{"counter_number":"18","counter_main_text_color":"#ffffff","counter_title":"Show Room","counter_text_color":"#ffffff"}},"1537597889189":{"type":"single_item","settings":{"counter_number":"17","counter_main_text_color":"#ffffff","counter_title":"Billon Sales","counter_text_color":"#ffffff"}}},"block_order":["1537597842798","1537597845293","1537597873829","1537597889189"],"settings":{"counter_bgcolor_check":true,"counter_bgcolor":"#f5ab1e"}},"brand-logo":{"type":"brand-logo","blocks":{"1578114441052":{"type":"single_brand","settings":{"brand_image":"shopify:\/\/shop_images\/l7.jpg"}},"1578114454082":{"type":"single_brand","settings":{"brand_image":"shopify:\/\/shop_images\/l5.jpg"}},"1578114460303":{"type":"single_brand","settings":{"brand_image":"shopify:\/\/shop_images\/l6.jpg"}},"1578114465107":{"type":"single_brand","settings":{"brand_image":"shopify:\/\/shop_images\/l3.jpg"}},"1578114470202":{"type":"single_brand","settings":{"brand_image":"shopify:\/\/shop_images\/l8.jpg"}},"1578114474951":{"type":"single_brand","settings":{"brand_image":"shopify:\/\/shop_images\/l1.jpg"}},"1584020580960":{"type":"single_brand","settings":{"brand_image":"shopify:\/\/shop_images\/l1.jpg"}}},"block_order":["1578114441052","1578114454082","1578114460303","1578114465107","1578114470202","1578114474951","1584020580960"],"settings":{}},"1580272775130":{"type":"blog-home","settings":{"section_padding_top":80,"section_padding_bottom":80,"section_padding_top_xs":50,"section_padding_bottom_xs":50,"blog_title":"Recent news","blog_bgcolor":"#ffffff","blog_read_btn":"Read more","blog_cmt":"Comment","blog_view_btn":"View all news","blog_view_btn_url":"shopify:\/\/blogs\/blog-juicy","blog":"blog-juicy","loop":true,"autoplay":true,"autoplay_time":5000}},"copyright":{"type":"copyright","settings":{"foot_bt_padding_top":15,"foot_bt_padding_bottom":15,"foot_bgcolor":"#291f51","text_color":"#ffffff","copy_right_text":"Copyright © {{ 'now' | date: '%Y' }} by spacingtech"}},"1588572467928":{"type":"testimonial","blocks":{"1588572481048":{"type":"single_slide","settings":{"testi_quote":"fa fa-quote-left","testi_desc":"The theme is very clean. I want to say that the support is extremely responsive and has been very patient with me. thank you so much for your help!","testi_authrtitle":"For customer support"}},"1588580374148":{"type":"single_slide","settings":{"testi_quote":"fa fa-quote-left","testi_desc":"We needed a number of adjustments and changes before sending the site from draft\/staging to a live site. support, was quick to make the necessary adjustments and changes.","testi_authrtitle":"For customer support"}},"1588580581369":{"type":"single_slide","settings":{"testi_quote":"fa fa-quote-left","testi_desc":"The developer is awesome at jumping on and fixing things or making changes for me.\nThe design is great and can be adjusted easily. I will definitely stick to them when comes time for an upgrade.","testi_authrtitle":"For other"}},"5283169e-87e4-4608-b135-d4a9953248ea":{"type":"single_slide","settings":{"testi_quote":"fa fa-quote-left","testi_desc":"Excellent customer support! I highly recommend this. I have been having many troubles making the product page look exactly as I want. the customer support was very responsive and efficient in solving my problems. thank you very much!","testi_authrtitle":"For customer support"}},"de55ddf0-25bb-450a-aa39-8cbc24cea911":{"type":"single_slide","settings":{"testi_quote":"fa fa-quote-left","testi_desc":"I love this theme. higly customizable, easy to use and very flexible theme. great support ! excellent response times. very professional and helpful in all queries, absolutely awesome. highly recommended! the theme is really amazing. thank you spacingtech webify.","testi_authrtitle":"Flexibility"}},"5cedcaae-dfcc-4f6c-910d-ae5243410f09":{"type":"single_slide","settings":{"testi_quote":"fa fa-quote-left","testi_desc":"The design is really good and site is very responsive. however, what compelled me to write this review is the customer support that I have got. prompt support from the developer. would recommend it highly","testi_authrtitle":"Customer support"}},"5cc60d2d-a2ba-4e23-9f99-7b76f0bb165f":{"type":"single_slide","settings":{"testi_quote":"fa fa-quote-left","testi_desc":"This theme is really nice and responsive. I really like it. anybody can use it easily. customer support is AMAZING! they're replying in 5 minutes to our emails. so they help you every time. I recommend you all to buy this.","testi_authrtitle":"Customer support"}},"cfa06d19-8b2a-4173-ba3c-c6b91ce7e5dd":{"type":"single_slide","settings":{"testi_quote":"fa fa-quote-left","testi_desc":"Excellent support. we wanted to make certain changes in theme. few points are out of the scope of theme too. the team was prompt top response and helped us to customise the theme as per our requirement.\n\nhighly recommended their support service.","testi_authrtitle":"Friendly support"}},"96bffce0-32bd-4eb4-bd6f-aafa3ecb49cf":{"type":"single_slide","settings":{"testi_quote":"fa fa-quote-left","testi_desc":"I am pretty happy with the theme. I downloaded and saw documentation is a bit outdated, after spending a couple of days on self; I messaged the support. Boom, received a email reply within 30 days; having mentioned that issue will get resolved by tomorrow.","testi_authrtitle":"For customer support"}}},"block_order":["1588572481048","1588580374148","1588580581369","5283169e-87e4-4608-b135-d4a9953248ea","de55ddf0-25bb-450a-aa39-8cbc24cea911","5cedcaae-dfcc-4f6c-910d-ae5243410f09","5cc60d2d-a2ba-4e23-9f99-7b76f0bb165f","cfa06d19-8b2a-4173-ba3c-c6b91ce7e5dd","96bffce0-32bd-4eb4-bd6f-aafa3ecb49cf"],"settings":{"section_padding_top":80,"section_padding_bottom":0,"section_padding_top_xs":50,"section_padding_bottom_xs":0,"our_ser_bgcolor":"rgba(0,0,0,0)","testi_title":"Tell us how you really feel","loop":true,"autoplay":true,"autoplay_time":5000}},"1658922644df109788":{"type":"new-product","settings":{"section_padding_top":80,"section_padding_bottom":0,"section_padding_top_xs":50,"section_padding_bottom_xs":0,"section_title":"Trending products","category_product_limit_handle":"10","label_product":"vegist-juice","loop":true,"autoplay":true,"autoplay_time":5000}},"6fc8813c-ffd4-4a83-831c-998113de934b":{"type":"our-services","blocks":{"a873ea5f-19af-4273-9002-63100c707318":{"type":"our_services","settings":{"service_img":"shopify:\/\/shop_images\/icon1.png","service_title":"Sugar friendly","service_url":"","service_bg":"#d8e9d3"}},"f7cf1337-5a35-4520-a8c3-e75109ef8c89":{"type":"our_services","settings":{"service_img":"shopify:\/\/shop_images\/icon6.png","service_title":"Probiotics","service_url":"","service_bg":"#ece7d9"}},"56c395b5-a64a-45ce-b357-c8ef7021490d":{"type":"our_services","settings":{"service_img":"shopify:\/\/shop_images\/icon4.png","service_title":"100% Vegan","service_url":"","service_bg":"#d4e4de"}},"e1b7278a-21e5-45e4-a92c-a015d9092f42":{"type":"our_services","settings":{"service_img":"shopify:\/\/shop_images\/icon5.png","service_title":"Gluten-free","service_url":"","service_bg":"#e9d6d6"}},"b011b0c5-2f02-4a18-bf2f-0f309388fa18":{"type":"our_services","settings":{"service_img":"shopify:\/\/shop_images\/icon3.png","service_title":"18 Cals","service_url":"","service_bg":"#e7e7e7"}},"d18e8ca3-d048-4d27-8ed1-8c733a206846":{"type":"our_services","settings":{"service_img":"shopify:\/\/shop_images\/icon2.png","service_title":"Zero waste","service_url":"","service_bg":"#d3dce9"}}},"block_order":["a873ea5f-19af-4273-9002-63100c707318","f7cf1337-5a35-4520-a8c3-e75109ef8c89","56c395b5-a64a-45ce-b357-c8ef7021490d","e1b7278a-21e5-45e4-a92c-a015d9092f42","b011b0c5-2f02-4a18-bf2f-0f309388fa18","d18e8ca3-d048-4d27-8ed1-8c733a206846"],"settings":{"section_padding_top":80,"section_padding_bottom":0,"section_padding_top_xs":50,"section_padding_bottom_xs":0,"our_ser_bgcolor":"rgba(0,0,0,0)","section_title":"What Makes Us Different?","section_des":""}},"99f3e2e5-d6da-45b7-87d3-de3a925156cf":{"type":"banner-lookbook","blocks":{"8a176664-febb-4221-a74a-0c43c27694ea":{"type":"lookbook","settings":{"hotspot1_top":60,"hotspot1_left":27,"product1":"copy-of-orange-juice-with-pineapple"}},"ae1a9c38-bba0-4eb9-8ddc-a01269c9e94a":{"type":"lookbook","settings":{"hotspot1_top":60,"hotspot1_left":48,"product1":"vanilla-cream-with-lemon"}},"fb3dca34-2e6a-450a-8171-0cab19de1b04":{"type":"lookbook","settings":{"hotspot1_top":60,"hotspot1_left":68,"product1":"vitality-shot-turmeric"}}},"block_order":["8a176664-febb-4221-a74a-0c43c27694ea","ae1a9c38-bba0-4eb9-8ddc-a01269c9e94a","fb3dca34-2e6a-450a-8171-0cab19de1b04"],"settings":{"section_padding_top":80,"section_padding_bottom":0,"section_padding_top_xs":50,"section_padding_bottom_xs":0,"banner_title":"Shop all flavour juicy","banner_des":"When it comes to hosting your most ideal picnic, there are so many things to think about. From sauces to trays, we've got you covered.","banner_url":"shopify:\/\/collections\/vegist-juice","banner_button_text":"Browse all","banner_img":"shopify:\/\/shop_images\/lookbook-banner_5f81b29c-d969-45c6-98e3-778f9824483a.jpg"}},"b1553438-efa5-4513-8ddb-8dbd8604e2c4":{"type":"home-product","blocks":{"title_wrap":{"type":"title_wrap","settings":{}},"product_ratting":{"type":"product_ratting","settings":{}},"6e4752e1-38d7-470f-b5dd-9a0e95c638cb":{"type":"inventory","settings":{"availability_title":"Availability:","inventory_threshold":10,"show_inventory_quantity":true}},"product_price":{"type":"product_price","settings":{}},"short_description":{"type":"short_description","settings":{"short_description":"Lorem Ipsum is simply dummy text of the printing and typesetting industry. Lorem Ipsum has been the industry's standard dummy text ever since the 1500s."}},"swatch_option":{"type":"swatch_option","settings":{"picker_type":"button"}},"1ed4d24d-bc31-4c23-a3b8-c8e6579a6c46":{"type":"quantity_selector","settings":{}},"547a63f9-fa26-4a74-a936-f2f9ba036fc8":{"type":"buy_buttons","settings":{"show_dynamic_checkout":true}},"product_sku":{"type":"product_sku","settings":{"product_sku_title":"SKU:"}},"social_icon":{"type":"social_icon","settings":{"social_share_title":"Share:"}},"payment_img":{"type":"payment_img","settings":{}}},"block_order":["title_wrap","product_ratting","6e4752e1-38d7-470f-b5dd-9a0e95c638cb","product_price","short_description","swatch_option","1ed4d24d-bc31-4c23-a3b8-c8e6579a6c46","547a63f9-fa26-4a74-a936-f2f9ba036fc8","product_sku","social_icon","payment_img"],"settings":{"section_padding_top":80,"section_padding_bottom":0,"section_padding_top_xs":50,"section_padding_bottom_xs":0,"product":"blue-magic-with-pineapple","zoom_enable":true}},"199ea1ec-9de7-443d-b5e5-bc8e4c19c18b":{"type":"service-section","blocks":{"354effb3-7aab-462f-bf00-b116c390b145":{"type":"services","settings":{"service_bg":"#342d52","text_color":"#ffffff","service_title":"Secure payment","service_des":"Lorem Ipsum is simply dummy text of the printing and typesetting industry. Lorem Ipsum has been the industry's standard dummy text ever since the 1500s, when an unknown printer took.","service_url":""}},"75705af6-dd38-4862-bf93-832df473f4c4":{"type":"services","settings":{"service_bg":"#4a4364","text_color":"#ffffff","service_title":"Money back guarantee","service_des":"Lorem Ipsum is simply dummy text of the printing and typesetting industry. Lorem Ipsum has been the industry's standard dummy text ever since the 1500s, when an unknown printer took.","service_url":""}},"db682e4a-a7ca-4835-b545-765443623760":{"type":"services","settings":{"service_bg":"#5f5978","text_color":"#ffffff","service_title":"Return policy","service_des":"Lorem Ipsum is simply dummy text of the printing and typesetting industry. Lorem Ipsum has been the industry's standard dummy text ever since the 1500s, when an unknown printer took.","service_url":""}}},"block_order":["354effb3-7aab-462f-bf00-b116c390b145","75705af6-dd38-4862-bf93-832df473f4c4","db682e4a-a7ca-4835-b545-765443623760"],"settings":{"section_padding_top":80,"section_padding_bottom":0,"section_padding_top_xs":50,"section_padding_bottom_xs":0,"our_ser_bgcolor":"rgba(0,0,0,0)"}},"4fae1d05-221f-4e4e-bb07-587bd289ed8f":{"type":"marquee-section","blocks":{"29e42b4f-5a83-42cb-b8a9-228e67fd2a5c":{"type":"marquee","settings":{"custom_text":"<strong>MEGA SALE!<\/strong> Special up to <strong>30% OFF!<\/strong>"}},"213431ac-42c4-4e20-955c-5a02732862e3":{"type":"marquee","settings":{"custom_text":"<strong>MEGA SALE!<\/strong> Special up to <strong>30% OFF!<\/strong>"}},"4d78a241-ea0c-42f5-ad16-7394b417e184":{"type":"marquee","settings":{"custom_text":"<strong>MEGA SALE!<\/strong> Special up to <strong>30% OFF!<\/strong>"}},"e941de14-0221-4c95-a2d5-d47c141a3ac4":{"type":"marquee","settings":{"custom_text":"<strong>MEGA SALE!<\/strong> Special up to <strong>30% OFF!<\/strong>"}},"96384dec-f90c-421f-8899-a44ef6d7c150":{"type":"marquee","settings":{"custom_text":"<strong>MEGA SALE!<\/strong> Special up to <strong>30% OFF!<\/strong>"}}},"block_order":["29e42b4f-5a83-42cb-b8a9-228e67fd2a5c","213431ac-42c4-4e20-955c-5a02732862e3","4d78a241-ea0c-42f5-ad16-7394b417e184","e941de14-0221-4c95-a2d5-d47c141a3ac4","96384dec-f90c-421f-8899-a44ef6d7c150"],"settings":{"section_padding_top":80,"section_padding_bottom":0,"section_padding_top_xs":50,"section_padding_bottom_xs":0,"grediant_color1":"#fff0d9","grediant_color2":"#ffc194"}}},"content_for_index":["1537075194786","6fc8813c-ffd4-4a83-831c-998113de934b","99f3e2e5-d6da-45b7-87d3-de3a925156cf","1658922644df109788","199ea1ec-9de7-443d-b5e5-bc8e4c19c18b","b1553438-efa5-4513-8ddb-8dbd8604e2c4","4fae1d05-221f-4e4e-bb07-587bd289ed8f","1588572467928","1580272775130"],"blocks":{"14060646107696862457":{"type":"shopify:\/\/apps\/judge-me-reviews\/blocks\/judgeme_core\/61ccd3b1-a9f2-4160-9fe9-4fec8413e5d8","disabled":false,"settings":{}}}},"presets":{"Default":{"cart_notes_enable":true,"color_body_bg":"#fff","color_body_text":"#333333","color_footer_bg":"#f2f2f2","color_footer_social_link":"#bbbbbb","color_footer_text":"#636363","color_primary":"#747474","color_secondary":"#bbb","favicon_enable":false,"footer_newsletter_enable":true,"footer_social_enable":true,"logo_use_image":false}}}