{"current":{"color_primary":"#91b656","color_secondary":"#222222","color_body_text":"#6f6f6f","color_body_bg":"#fff","heading_text_color":"#222222","enable_rtl":false,"body_font_handle":"poppins_n4","body_custom_font_handle_enable":true,"body_custom_font_handle":"Poppins","header_font_handle":"poppins_n5","header_custom_font_handle_enable":true,"header_custom_font_handle":"Poppins","paragraph_font_handle":"poppins_n4","paragraph_custom_font_handle_enable":true,"paragraph_custom_font_handle":"Poppins","enable_box":false,"body_bgcolor":"#ffffff","body_bgcolor_enable":true,"body_bgimg":"shopify:\/\/shop_images\/box-bg.png","body_bgimg_enable":true,"body_boxshadow_enable":true,"google_analytic_enable":true,"google_tracking_id":"UA-110326897-1","logo_header":"shopify:\/\/shop_images\/logo-11.svg","logo_footer":"shopify:\/\/shop_images\/logo-11.svg","topbar_notification_enable":true,"notification_bg_image":"","notification_bg_color":"#232323","notification_text_color":"#ffffff","custom_link1":"<p>CALL US <a href=\"tel:+123 455 6789\" title=\"tel:+123 455 6789\">+123 455 6789<\/a><\/p>","custom_text":"<p>FREE DELIVERY ON ORDERS OVER £120<\/p>","custom_link2":"<p><a href=\"\/pages\/contact-us\" title=\"Contact us\">Contact us<\/a> <a href=\"\/pages\/about-us\" title=\"About us\">About us<\/a><\/p>","favicon":"shopify:\/\/shop_images\/favicon.png","newsletter_popup_enable":true,"newsletter_bg_img":"shopify:\/\/shop_images\/news-bg_2.jpg","newletter_popup_title":"Become a subscriber","newsletter_text":"Subscribe to get the notification of latest posts","email_placeholder":"Your email address","newsletter_button_name":"Subscribe","day_title":"Day","hour_title":"Hrs","minute_title":"Min","second_title":"Sec","image_ratio":"portrait","enable_hover_product":true,"show_cart_note":true,"is_free_shipping_bar":true,"breadcrumb_banner_enable":true,"breadcrumb_banner_image":"","breadcrumb_banner_bg":"#fafafa","breadcrumb_banner_overlay_color":"#000000","breadcrumb_banner_opacity":0,"breadcurmb_page_title_color":"#717171","social_icon_1_name":"fa fa-facebook","social_icon_1_link":"#","social_icon_2_name":"fa fa-twitter","social_icon_2_link":"#","social_icon_3_name":"fa fa-instagram","social_icon_3_link":"#","social_icon_4_name":"","social_icon_4_link":"","social_icon_5_name":"","social_icon_5_link":"","social_icon_6_name":"","social_icon_6_link":"","social_icon_7_name":"","social_icon_7_link":"","wishlist_page_url":"shopify:\/\/pages\/wishlist","wishlist_enable":true,"wishlist_title":"Wishlist","blog_read_btn":"Read more","blog_image_ratio":"portrait","login_sub_text":"Please login below account detail","dnt_acc_title":"Don't have an account?","acc_opacity":0.1,"log_term_con_syn":"*","log_term_con_text":"Terms & conditions.","log_term_con_url":"shopify:\/\/pages\/terms-conditions","log_pri_pol_desc":"Your privacy and security are important to us. For more information on how we use your data read our","log_pri_pol_text":"privacy policy","log_pri_pol_url":"shopify:\/\/pages\/privacy-policy","register_sub_text":"Please register below account detail","alredy_acc_title":"Already an account holder?","customer_logout_title":"Logout","section_padding_top":80,"section_padding_bottom":80,"section_padding_top_xs":60,"section_padding_bottom_xs":60,"checkout_header_image":"","checkout_logo_image":"","checkout_logo_position":"left","checkout_logo_size":"medium","checkout_body_background_image":"","checkout_body_background_color":"#fff","checkout_input_background_color_mode":"white","checkout_sidebar_background_image":"","checkout_sidebar_background_color":"#fafafa","checkout_heading_font":"-apple-system, BlinkMacSystemFont, 'Segoe UI', Roboto, Helvetica, Arial, sans-serif, 'Apple Color Emoji', 'Segoe UI Emoji', 'Segoe UI Symbol'","checkout_body_font":"-apple-system, BlinkMacSystemFont, 'Segoe UI', Roboto, Helvetica, Arial, sans-serif, 'Apple Color Emoji', 'Segoe UI Emoji', 'Segoe UI Symbol'","checkout_accent_color":"#5fa800","checkout_button_color":"#5fa800","checkout_error_color":"#e32c2b","blog_comment_icon":"<svg xmlns=\"http:\/\/www.w3.org\/2000\/svg\" viewbox=\"0 0 24 24\" fill=\"none\" stroke=\"currentColor\" stroke-width=\"2\" stroke-linecap=\"round\" stroke-linejoin=\"round\" class=\"feather feather-message-circle\"><path d=\"M21 11.5a8.38 8.38 0 0 1-.9 3.8 8.5 8.5 0 0 1-7.6 4.7 8.38 8.38 0 0 1-3.8-.9L3 21l1.9-5.7a8.38 8.38 0 0 1-.9-3.8 8.5 8.5 0 0 1 4.7-7.6 8.38 8.38 0 0 1 3.8-.9h.5a8.48 8.48 0 0 1 8 8v.5z\"><\/path><\/svg>","breadcrumb_padding_top":"10","breadcrumb_padding_bottom":"10","breadcrumb_padding_top_xs":"10","breadcrumb_padding_bottom_xs":"10","breadcurmb_title_color":"#717171","active_breadcurmb_page_title_color":"#80bb01","other_font_handle":"poppins_n6","logo_header_svg_url":"logo-11.svg","logo_footer_svg_url":"logo-11.svg","search_title":"Search","blog_search_placeholder":"Search blog","archive_title":"Archive","recent_title":"Recent post","recent_post_limit_handle":"5","blog_tags_title":"Tags","blog_tags_list_limit_handle":"15","add_wishlit_title":"Add wishlist","loading_wishlist":"Loding..","remove_wishlit_title":"Remove from wishlist","go_to_wishlit_title":"Go to wishlist","wishlist_empty_title1":"Your","wishlist_empty_title2":"wishlist","wishlist_empty_title3":"is currently","wishlist_empty_title4":"empty!","login_request_title":"Please login your account","cart_button_title":"Add to cart","unavailable_title":"Sold out","soldout_button_title":"Sold out","empty_cart":"No products in the cart.","shop_btn_url":"shopify:\/\/collections\/frontpage","shop_btn_text":"Countinue shopping","cart_desc1":"There are","cart_desc2":"products","cart_sub_total":"Sub total:","cart_view":"View cart","cart_checkout":"Checkout","product_quickview_enalbe":true,"opps_404":"","heading_4041":"4","heading_4042":"0","heading_4043":"4","sub_text_4041":"Page","sub_text_4042":"not","sub_text_4043":"be","sub_text_4044":"found","desc_text_404":"Sorry but the page you are looking for does not exist, have been removed, name changed or is temporarity unavailable.","button_title":"Go to home page","button_url":"\/","count_text_enable":true,"section_subtitle":"Limited quantities","section_title":"Deal of the Day","multi_currency_enable":false,"enable_preloader":false,"preloader_style":"Style_3","preloader_bg":"#ffffff","preloader_color":"#000000","preloader_border_color":"#ffffff","preloader_border_width":"5px","newsletter_action":"","one_day_popup_enable":true,"newsletter_img":"shopify:\/\/shop_images\/logo11.png","newsletter_overlay_bgcolor":"#ffffff","newsletter_overlay_opacicty":0.1,"popup_newsletter_title_color":"#cd7752","popup_newsletter_description_color":"#000000","input_fild_border_color":"#eee","input_fild_color":"#222222","new_title":"New","sale_title":"Sale","soldout_title":"Soldout","sale_percent_enable":true,"successfull_note":"Added to cart successfully!","view_cart_button2":"View Cart","categories_title":"Categories","social_1_name":"","social_2_name":"","social_3_name":"","social_4_name":"","social_5_name":"","social_6_name":"","social_7_name":"","review_enable":true,"custom_page_margin_top":"100","custom_page_margin_bottom":"100","section_margin_top_xs":"70","section_margin_bottom_xs":"70","product_variant_handle":"product_variant_swatch_option","checkout_img":"shopify:\/\/shop_images\/footer-payment-icon2.png","custom_link_url1":"tel:123 455 6789","custom_link_url2":"shopify:\/\/pages\/about-us","wait_title":"","added_title":"","affiliate_cart_button_title":"","custom_link_url3":"shopify:\/\/pages\/contact-us","custom_link_url4":"shopify:\/\/pages\/contact-us","custom_link_url5":"\/account","color_button":"#ffffff","notification_text":"Free Shipping Orders From All item","qcv_add_to_cart_text":"","qcv_cart_added_text":"","qcv_cart_error_text":"","qcv_cart_wait_text":"","enable_growave":false,"growave_social_login":false,"wishlist_type":"1","review_app":"none","notification_button_name":"","notification_button_url":"","topbar_color_1":"rgba(0,0,0,0)","topbar_color_2":"rgba(0,0,0,0)","notification_overlay_color":"rgba(0,0,0,0)","categories_list_limit_hanlde":"50","vendors_title":"Vendors","vendors_list_limit_hanlde":"50","types_title":"Products Types","types_list_limit_hanlde":"50","color_title":"Color","color_picker":"DarkKhaki,\nBurlyWood,\nAntiqueWhite,\nGrey,\nLightSeaGreen,\nLightSalmon,\nFloralWhite,\nDarkSeaGreen,\nPaleVioletRed,\nPaleGoldenRod,\nMistyRose,\nSkyBlue,\nSilver,\nLinen,\nSkyBlue,\nSilver,\nSeaShell,\nTomato,\nThistle,\nSnow,\nWhite,\nSandyBrown,\nBlack,\nRosyBrown,\nPowderBlue,\nPapayaWhip,\nPink,\nRosyBrown,\nLinen,\nLightSlateGrey,\nMaroon,\nLightSteelBlue,\nWhite,\nBlack,","colors_list_limit_hanlde":"50","size_title":"Size","size_picker":"1\/kg,\n5\/kg,\n2\/kg,\n3\",\n4\",\n5\",\n9\",\n2.5\",\n8cm,\n9cm,\n10cm,\n15cm,\n9x6,\n12x10,\n5x5,\n30x30,\n18x18,\n20x20,\n15cm,\n6cm,\n2cm,\n30x30,\n35x35,\n15x24,\n1\/kg,\n2\/kg,\n5\/kg,\n11\",12\",8\",\n15\",16\",28\",\n12rose,\n24rose,\n48rose,","size_list_limit_hanlde":"50","tags_title":"Tags","tags_list_limit_hanlde":"50","best_product_limit_hanlde":"","best_product__title":"Best product","best_product_limit_hanlde5":"3","notification_overlay_opacity":0,"notificaction_button_bg_color":"#61ab00","notificaction_button_border_color":"#61ab00","notificaction_button_color":"#ffffff","notificaction_button_hover_bg_color":"rgba(0,0,0,0)","notificaction_button_hover_border_color":"#61ab00","notificaction_button_hover_color":"#61ab00","notificaction_close_button_bg_color":"","notificaction_close_button_border_color":"rgba(0,0,0,0)","notificaction_close_button_color":"#ffffff","notificaction_close_button_hover_bg_color":"rgba(0,0,0,0)","notificaction_close_button_hover_border_color":"rgba(0,0,0,0)","notificaction_close_button_hover_color":"#ffffff","heading_404":"404","sub_text_404":"PAGE NOT BE FOUND","button_name":"Subscribe","newsletter_overlay_color":"#000","newsletter_button_bg_color":"#d92542","newsletter_button_color":"#ffffff","newsletter_button_hover_bg_color":"#232323","newsletter_button_hover_color":"#fff","close_icon_color":"#ffffff","recent_post_title":"Recent post","wishlist_empty_title":"Your wishlist is currently empty!","currency_enable":true,"supported_currencies":"USD, USD - US Dollar | EUR, EUR - Euro | GBP, GBP - British Pound | INR, INR - Indian Rupee | BDT, BDT - Bangladesh Taka | JPY, JPY - Japan Yen | CAD, CAD - Canada Dollar | AUD, AUD - Australian Dollar","supported_currencies_code":"USD, USD - US Dollar | EUR, EUR - Euro | GBP, GBP - British Pound","h_social_icon_1_name":"twitter","h_social_icon_2_name":"instagram","h_social_icon_3_name":"google-plus","h_social_icon_4_name":"linkedin","h_social_icon_5_name":"pinterest","h_social_icon_6_name":"","h_social_icon_7_name":"","notification_overlay_rgb_colo":"#000000","notification_overlay_rgb_color":"0, 0, 0","product_quickview_description_enable":true,"paragraph_font":"raleway_n4","body_font":"alfie_n4","type_header_font":"abril_fatface_n4","heading_font":"alfie_n4","breadcrumb_banner_image_enable":false,"cart_notes_enable":true,"cart_vendor_enable":false,"ajax_cart_method":"drawer","logo_use_image":false,"logo_max_width":"450","favicon_enable":false,"show_multiple_currencies":true,"currency_format":"money_with_currency_format","default_currency":"USD","color_borders":"#e5e5e5","color_footer_bg":"#f2f2f2","color_footer_social_link":"#bbbbbb","color_footer_text":"#636363","footer_newsletter_enable":true,"footer_social_enable":true,"social_facebook_link":"","social_twitter_link":"","sections":{"header":{"type":"header","settings":{"sitcky_switch":true,"main_menu_selected":"main-menu","vega_menu_selected":"vegamenu","cat_menu_selected":"category-menu","searchbar_checkbox":true,"browse_cat_title":"Best seller"}},"footer":{"type":"footer","blocks":{"1db16ab8-25ef-4fb7-bcb3-257d4362b328":{"type":"logo_info","settings":{"container_width":33,"logo_enable":true,"compnay_logo":"shopify:\/\/shop_images\/logo11.png","heading":"Join our newsletter","news_enable":true,"text":""}},"1584526592848":{"type":"footer_menu","settings":{"container_width":23,"show_nav_title":true,"footer_menu_handle":"footer-menu3","text":""}},"1584526598784":{"type":"footer_menu","settings":{"container_width":22,"show_nav_title":true,"footer_menu_handle":"footer-menu2","text":""}},"1584526605479":{"type":"footer_menu","settings":{"container_width":22,"show_nav_title":true,"footer_menu_handle":"contact","text":""}},"e34e0114-4e20-4e6f-9118-3542971c56b7":{"type":"custom_text","disabled":true,"settings":{"container_width":25,"heading1":"Payment","custom_image":"shopify:\/\/shop_images\/footer-payment-icon2.png","custom_image_url":"","heading2":"Social","social_enable":true,"text":""}}},"block_order":["1db16ab8-25ef-4fb7-bcb3-257d4362b328","1584526592848","1584526598784","1584526605479","e34e0114-4e20-4e6f-9118-3542971c56b7"],"settings":{"section_padding_top":80,"section_padding_bottom":80,"section_padding_top_xs":50,"section_padding_bottom_xs":50,"footer_bg_img_enable":false,"footer_bg_color":"rgba(0,0,0,0)","txt_color":"#6f6f6f"}},"collection-template":{"type":"collection-template","settings":{"products_limit_handle":18,"collection_info_enable":false,"tab_bar_enable":true,"short_by_enable":true,"sidebar_handle":"left_sidebar_handle","sidebar_banner_url":"https:\/\/vegina-store.myshopify.com\/collections\/cat8\/products\/orange-juice-5ltr"}},"product-template":{"type":"product-template","settings":{"zoom_enable":true}},"related-product":{"type":"related-product","settings":{"related_title":"Related Product"}},"blog-template":{"type":"blog-template","settings":{"blog_news_column":"2","blog_news_limit_handle":6,"blog_news_cmt":"Comment","recent_post_enable":true,"tags_enable":true}},"article-template":{"type":"article-template","settings":{"article_through":"By","article_cmt":"Comments","article_cmt_send":"Sending","article_cmt_done":"Done!","article_avtar_enable":false,"comment_post_limit_handle":"5","sidebar_handle":"left_sidebar_handle","recent_post_enable":true,"tags_enable":true}},"1537092551066":{"type":"featured-product","blocks":{"1584168950333":{"type":"product_tab","settings":{"tab_product":"special-product"}},"1592830767075":{"type":"product_tab","settings":{"tab_product":"new-product"}},"1574764873111":{"type":"product_tab","settings":{"tab_product":"green-powder"}},"2f07a712-bf09-47b3-8e06-7158b3e1f96a":{"type":"product_tab","settings":{"tab_product":"pistachios-dry-fruits"}}},"block_order":["1584168950333","1592830767075","1574764873111","2f07a712-bf09-47b3-8e06-7158b3e1f96a"],"settings":{"section_padding_top":80,"section_padding_bottom":80,"section_padding_top_xs":50,"section_padding_bottom_xs":50,"section_bg_color":"rgba(0,0,0,0)","section_title":"Our products <br>\nare fresh organic","features_product_col":"2","slide_product_view":"5","featured_product_limit_handle":"24"}},"brand-logo":{"type":"brand-logo","blocks":{"1578114441052":{"type":"single_brand","settings":{"brand_image":"shopify:\/\/shop_images\/l8.png"}},"1578114454082":{"type":"single_brand","settings":{"brand_image":"shopify:\/\/shop_images\/l1.png"}},"1578114460303":{"type":"single_brand","settings":{"brand_image":"shopify:\/\/shop_images\/l6.png"}},"1578114465107":{"type":"single_brand","settings":{"brand_image":"shopify:\/\/shop_images\/l3.png"}},"1578114470202":{"type":"single_brand","settings":{"brand_image":"shopify:\/\/shop_images\/l7.png"}}},"block_order":["1578114441052","1578114454082","1578114460303","1578114465107","1578114470202"],"settings":{"brand_title":"Our <span>Brand<\/span>","brand_bgcolor":"#ffffff"}},"contact-template":{"type":"contact-template","blocks":{"1537611083413":{"type":"contact_info","settings":{"info_icon":"fa fa-street-view","info_title":"Address","info_des":"255 Parker St.\nEnglishtown, NJ 07726"}},"1537611091444":{"type":"contact_info","settings":{"info_icon":"fa fa-phone","info_title":"Phone","info_des":"+1234568999"}},"1537611143786":{"type":"contact_info","settings":{"info_icon":"fa fa-envelope","info_title":"Email","info_des":"yoursite@demo.com"}}},"block_order":["1537611083413","1537611091444","1537611143786"],"settings":{"contact_us_title":"Contact Us","contact_us_des":"","contact_us_map_enable":true,"contact_drop_title":"Drop us message","name_placeholder":"Enter your name","email_placeholder":"Enter your email address","message_placeholder":"Your message here...","form_button_name":"Submit","form_btn_icon":"fa fa-arrow-right","contact_form_title":"Get in Touch","contact_form_desc":"Lorem ipsum dolor sit amet, consectetur adipisicing elit. Rerum earum eveniet dolorum suscipit nesciunt incidunt animi repudiandae ab at, tenetur distinctio voluptate vel illo similique."}},"faq":{"type":"faq","blocks":{"1537765826500":{"type":"accordion_area","settings":{"accordion_title":"What is Mikshaa’s return policy?","accordion_ans1":"Our 100% buyer protection program allows for easy returns Only for products not as per description\/photo on the website and products which you received in damaged\/defective\/broken\" condition."}},"1584105510529":{"type":"accordion_area","settings":{"accordion_title":"How to raise dispute for an order?","accordion_ans1":"You can raise a dispute within 7 days of delivery, in either of by sending an email to support@mikshaa.com with images of broken\/defective\/damaged products within 7 days of delivery, please mention your order number in the email and sign into your Mikshaa account if you are a registered customer (Easy method)."}},"1584105539331":{"type":"accordion_area","settings":{"accordion_title":"When will i be refunded?","accordion_ans1":"Reverse pickup orders We will initiate refund once the item is picked up by our courier partner."}},"1584105624501":{"type":"accordion_area","settings":{"accordion_title":"What are the shipping charges?","accordion_ans1":"Delivery charge varies with each product. Most of product FREE delivery in India."}},"1584105641154":{"type":"accordion_area","settings":{"accordion_title":"What is the estimated delivery time?","accordion_ans1":"The estimated time of delivery is within 7 working days for domestic orders and 15-20 working days for international orders. All orders get shipped within 4 to 5 days from the warehouse."}},"1584105656048":{"type":"accordion_area","settings":{"accordion_title":"How will the delivery be done?","accordion_ans1":"We try to process all deliveries through reputed courier companies like Bluedart, Aramex,E-come, DTDC, DHL and Fedex. In some cases, your pincode is not serviceable by these courier companies, we use Indian Speed Post for those deliveries."}},"1584105669751":{"type":"accordion_area","settings":{"accordion_title":"How are items packaged?","accordion_ans1":"All items are carefully packaged as to avoid any form of damage."}},"1584105687854":{"type":"accordion_area","settings":{"accordion_title":"Who would be responsible for paying local taxes in countries outside of India?","accordion_ans1":"Customs duty & other international taxes etc. if applicable will have to be borne by the customer according to the laws of the land."}},"1584105992587":{"type":"accordion_area","settings":{"accordion_title":"How do i pay for a Mikshaa’s purchase?","accordion_ans1":"Mikshaa offers you multiple payment methods. Whatever your online mode of payment, you can trust assured that Mikshaa's trusted payment gateway partners use secure encryption technology to keep your transaction details confidential at all times."}},"1584106005312":{"type":"accordion_area","settings":{"accordion_title":"Can i make a credit\/debit card or Internet Banking payment through my mobile?","accordion_ans1":"Yes, you can make credit card payments through the Mikshaa mobile site. Mikshaa uses 256-bit encryption technology to protect your card information while securely transmitting it to the secure and trusted payment gateways managed by leading banks."}},"1584106020747":{"type":"accordion_area","settings":{"accordion_title":"Is it safe to use my credit\/debit card on Mikshaa?","accordion_ans1":"Is it safe to use my credit\/debit card on Mikshaa?"}},"1584106032104":{"type":"accordion_area","settings":{"accordion_title":"Does Craftsvilla store my credit card information?","accordion_ans1":"No, Mikshaa does not collect or store your account information at all. Your transaction is authorized at multiple points, first by EBS\/CCavenue and subsequently by Visa\/MasterCard\/Amex secure directly without any information passing through us."}}},"block_order":["1537765826500","1584105510529","1584105539331","1584105624501","1584105641154","1584105656048","1584105669751","1584105687854","1584105992587","1584106005312","1584106020747","1584106032104"],"settings":{"faq_title":"FAQ's"}},"list-collection-template":{"type":"list-collection-template","settings":{}},"copyright":{"type":"copyright","settings":{"section_bg_color":"#f9f8f4","copy_right_text":"Copyright © {{ 'now' | date: '%Y' }} by spacingtech"}},"about-template":{"type":"about-template","blocks":{"1584019336826":{"type":"about-description","settings":{"about_banner_des":"There is something about the saree that makes a woman look dignified, glorifying  and every bit stylish. Mikshaa was set up in the year 2017 with a motive to offer its designer collection at competitive price and merchantable quality to its whole  seller and worldwide online customer."}},"1584019369779":{"type":"about-description","settings":{"about_banner_des":"No matter what your individual style may be, you are sure to find a beautiful saree that will match your taste, given the large collection of stunning Indian sarees that can be worn almost on all the occasions be it wedding, formal parties, Bridal, family get togethers and more!"}},"1584019372626":{"type":"about-description","settings":{"about_banner_des":"Mikshaa is the trusted online ethnic wears store and feels proud in Indian heritage and cultural diversity in women wears. With so many different styles of drape, so many different patterns and fabric choices, sarees can fill every wardrobe with much needed variety. When in doubt, it’s your best bet at looking elegant and put-together. Every state in India and worldwide are put together to cater best in terms of Indian fashion trends and women clothing range."}},"1584089892795":{"type":"about-description","settings":{"about_banner_des":"Mikshaa goals is the all worldwide delivered to ethnic wears for women. Celebrate big fat Indian occasions such as Diwali, Navratri, Durga Puja, Holi and marriage celebration with our evergreen collection of online Indian ethnic wears for women. A wide Variety of option are available at the click of mouse."}},"1584089930264":{"type":"about-description","settings":{"about_banner_des":"Mikshaa is a great online destination to explore its extraordinary collection for sarees and other ehnic wears the best part is the site has the most competitive price and a wide eclectic range of products guaranteed to satisfy every customer. Mikshaa ensures excellent delivery services to its buyer in a good condition and in a prompt manner."}},"1584089941943":{"type":"about-description","settings":{"about_banner_des":"Mikshaa collection is also available in the overseas market (USA, UK, Europe, Australia, Southeast Asia, Dubai, Srilanka and other countries) under the brand name of Mikshaa."}}},"block_order":["1584019336826","1584019369779","1584019372626","1584089892795","1584089930264","1584089941943"],"settings":{"about_product_title":"What We Do?","about_des":"Lorem ipsum dolor sit amet, consectetur adipiscing elit. Praesent sed libero vel ex maximus vulputate nec eu ligula. Vestibulum elementum nisi ut fermentum lobortis. Sed quis iaculis felis.","about_banner_img":"shopify:\/\/shop_images\/about-page.jpg"}},"our-services":{"type":"our-services","blocks":{"1584020358986":{"type":"our_services","settings":{"service_icon":"ti-truck","service_title":"Free Delivery"}},"1584020378213":{"type":"our_services","settings":{"service_icon":"ti-money","service_title":"Return & refund"}},"1584020412685":{"type":"our_services","settings":{"service_icon":"ti-headphone","service_title":"Quality Support"}},"1584020427136":{"type":"our_services","settings":{"service_icon":"ti-email","service_title":"Join Newslleter"}}},"block_order":["1584020358986","1584020378213","1584020412685","1584020427136"],"settings":{}},"payment-policy":{"type":"payment-policy","blocks":{"1584100339031":{"type":"payment-policy","settings":{"pay_policy_que":"How do i pay for a Vegist’s purchase?","pay_policy_ans1":"vegist offers you multiple payment methods. Whatever your online mode of payment, you can trust assured that Vegist's trusted payment gateway partners use secure encryption technology to keep your transaction details confidential at all times.","pay_policy_ans2":"You may use Internet Banking, Debit Card, Credit Card and Cash on Delivery to make your purchase. We also accept payments made using Visa, MasterCard, American Express and Any Club credit\/debit cards."}},"1584100428640":{"type":"payment-policy","settings":{"pay_policy_que":"Can i make a credit\/debit card or Internet Banking payment through my mobile?","pay_policy_ans1":"Yes, you can make credit card payments through the Vegist mobile site. Vegist uses 256-bit encryption technology to protect your card information while securely transmitting it to the secure and trusted payment gateways managed by leading banks.","pay_policy_ans2":""}},"1584100489709":{"type":"payment-policy","settings":{"pay_policy_que":"Is it safe to use my credit\/debit card on Vegist?","pay_policy_ans1":"All Credit\/Debit card details remain confidential and private. Vegist and our trusted payment gateways use SSL encryption technology to protect your card information.","pay_policy_ans2":""}},"1584100780485":{"type":"payment-policy","settings":{"pay_policy_que":"Does Craftsvilla store my credit card information?","pay_policy_ans1":"No, Vegist does not collect or store your account information at all. Your transaction is authorized at multiple points, first by EBS\/CCavenue and subsequently by Visa\/MasterCard\/Amex secure directly without any information passing through us.","pay_policy_ans2":""}}},"block_order":["1584100339031","1584100428640","1584100489709","1584100780485"],"settings":{"pay_policy_title":"Payment Policy"}},"shipping-policy":{"type":"shipping-policy","blocks":{"1584101187274":{"type":"shipping-policy","settings":{"ship_policy_que":"What are the shipping charges?","ship_policy_ans1":"Delivery charge varies with each product. Most of product FREE delivery in India.","ship_policy_ans2":"Some items may have a shipping cost depending on the product."}},"1584101354017":{"type":"shipping-policy","settings":{"ship_policy_que":"What is the estimated delivery time?","ship_policy_ans1":"The estimated time of delivery is within 7 working days for domestic orders and 15-20 working days for international orders. All orders get shipped within 4 to 5 days from the warehouse.","ship_policy_ans2":""}},"1584101368115":{"type":"shipping-policy","settings":{"ship_policy_que":"How will the delivery be done?","ship_policy_ans1":"We try to process all deliveries through reputed courier companies like Bluedart, Aramex,E-come, DTDC, DHL and Fedex. In some cases, your pincode is not serviceable by these courier companies, we use Indian Speed Post for those deliveries.","ship_policy_ans2":"If there is no courier service available in your area, we will get in touch with you and try to work out a convenient alternate delivery location that is serviced by our courier partners."}},"1584101384736":{"type":"shipping-policy","settings":{"ship_policy_que":"How are items packaged?","ship_policy_ans1":"All items are carefully packaged as to avoid any form of damage.","ship_policy_ans2":""}},"1584101397220":{"type":"shipping-policy","settings":{"ship_policy_que":"Who would be responsible for paying local taxes in countries outside of India?","ship_policy_ans1":"Customs duty & other international taxes etc. if applicable will have to be borne by the customer according to the laws of the land.","ship_policy_ans2":""}}},"block_order":["1584101187274","1584101354017","1584101368115","1584101384736","1584101397220"],"settings":{"ship_policy_title":"Shipping Policy"}},"privacy-policy":{"type":"privacy-policy","settings":{"privacy_policy_title":"Privacy Policy"}},"return-policy":{"type":"return-policy","blocks":{"1584101983799":{"type":"return-policy","settings":{"ret_policy_que":"What is Mikshaa’s return policy?","ret_policy_ans1":"Our 100% buyer protection program allows for easy returns Only for products not as per description\/photo on the website and products which you received in damaged\/defective\/broken\" condition.","ret_policy_ans2":"All products must be returned in their original condition along with the bills and labels."}},"1584102004469":{"type":"return-policy","settings":{"ret_policy_que":"How to raise dispute for an order?","ret_policy_ans1":"You can raise a dispute within 7 days of delivery, in either of by sending an email to support@mikshaa.com with images of broken\/defective\/damaged products within 7 days of delivery, please mention your order number in the email and sign into your Mikshaa account if you are a registered customer (Easy method).","ret_policy_ans2":"Product After 7 days Of Delivery Return Can not accepted."}},"1584102042271":{"type":"return-policy","settings":{"ret_policy_que":"When will i be refunded?","ret_policy_ans1":"Reverse pickup orders We will initiate refund once the item is picked up by our courier partner.","ret_policy_ans2":"Self ship orders We will refund when your item back from warehouse. The refund amount wii be credited within 3 to 5 working days in your Mikshaa Acoount."}}},"block_order":["1584101983799","1584102004469","1584102042271"],"settings":{"ret_policy_title":"Return Policy"}},"slider":{"type":"slider","blocks":{"1595848291294":{"type":"slide","settings":{"slider_bg_img":"shopify:\/\/shop_images\/slider9.jpg","slider_sub_title":"Fresh Meant","slider_subtitle_color":"#222222","slider_title_color":"#222222","slider_button":"Shop Now","slider_button_url":"shopify:\/\/products\/hmd-colection-watch","slider_content_position":"left"}},"1596173719352":{"type":"slide","settings":{"slider_bg_img":"shopify:\/\/shop_images\/slider7.jpg","slider_sub_title":"Top Selling!","slider_subtitle_color":"#000000","slider_title_color":"#232323","slider_button":"Shop Now","slider_content_position":"left"}},"1595499013841":{"type":"slide","settings":{"slider_bg_img":"shopify:\/\/shop_images\/slider8.jpg","slider_sub_title":"Summer juice","slider_subtitle_color":"#000000","slider_title_color":"#000000","slider_button":"Shop Now","slider_button_url":"shopify:\/\/products\/orange-juice-5ltr","slider_content_position":"left"}}},"block_order":["1595848291294","1596173719352","1595499013841"],"settings":{}},"featured-product":{"type":"featured-product","blocks":{"1595502127128":{"type":"product_tab","settings":{"tab_product":"fruits"}},"1595502134148":{"type":"product_tab","settings":{"tab_product":"salads"}},"1595502144285":{"type":"product_tab","settings":{"tab_product":"frontpage"}}},"block_order":["1595502127128","1595502134148","1595502144285"],"settings":{"featured_product_limit_handle":"10"}},"blog-home":{"type":"blog-home","settings":{"blog_bgcolor":"rgba(0,0,0,0)"}},"deal-product":{"type":"deal-product","settings":{"deal_padding":15,"deal_bg_color":"rgba(0,0,0,0)","deal_bg_color_enable":false,"label_deal_product":"deal-collection","deal_banner_img":"shopify:\/\/shop_images\/banner16.jpg","banner_label":"Winter Veg","text_color":"#333333","banner_title":"VEGAN <br><span>$49.99<\/span>","banner_button_text":"SHOP NOW","banner_url":"shopify:\/\/products\/henry-tixied-top","banner_text_position":"top"}},"16074273321a68b44a":{"type":"slider","blocks":{"16074273321a68b44a-0":{"type":"slide","settings":{"slider_bg_img":"shopify:\/\/shop_images\/slider-1.jpg","slider_img":"shopify:\/\/shop_images\/mobileslider-1_a282ca4d-4a9a-40ec-8756-91d2c9f7f80f.jpg","slider_sub_title":"Fresh & healthy","slider_subtitle_color":"#7da63f","slider_title":"Vegetable<br>\nbasket free","slider_title_color":"#333333","slider_button":"Order now","slider_button_url":"shopify:\/\/collections\/best-sale","slider_content_position":"left"}},"e6886dc6-82df-4a3c-a0dc-c776063ad30c":{"type":"slide","settings":{"slider_bg_img":"shopify:\/\/shop_images\/slider-2.jpg","slider_img":"shopify:\/\/shop_images\/mobileslider-2_d5da9769-45d4-46ab-a1bf-4dd5aa1268b7.jpg","slider_sub_title":"100% organic","slider_subtitle_color":"#7da63f","slider_title":"Delicious <br>ingredients","slider_title_color":"#232323","slider_button":"Shop now","slider_button_url":"shopify:\/\/collections\/best-sale","slider_content_position":"left"}},"dce68497-601e-4f37-9dcf-3f7c68aba8b3":{"type":"slide","settings":{"slider_bg_img":"shopify:\/\/shop_images\/slider-3_d790ac37-239d-4f7a-8f0d-9573b89acb06.jpg","slider_img":"shopify:\/\/shop_images\/mobileslider-3_7fb1b32d-8839-458e-a5cd-5226a0fea150.jpg","slider_sub_title":"Fresh meat","slider_subtitle_color":"#7da63f","slider_title":"Spices for <br>cooking","slider_title_color":"#333333","slider_button":"Shop now","slider_button_url":"shopify:\/\/collections\/best-sale","slider_content_position":"left"}}},"block_order":["16074273321a68b44a-0","e6886dc6-82df-4a3c-a0dc-c776063ad30c","dce68497-601e-4f37-9dcf-3f7c68aba8b3"],"settings":{"loop":true,"autoplay":true,"autoplay_time":5000,"autoplay_speed":1000,"nav":true,"dots":true}},"16074273460650f878":{"type":"our-services","blocks":{"16074273460650f878-0":{"type":"our_services","settings":{"service_icon":"<svg viewbox=\"0 0 24 24\" width=\"28\" height=\"28\" stroke=\"currentColor\" stroke-width=\"1.5\" fill=\"none\" stroke-linecap=\"round\" stroke-linejoin=\"round\" class=\"css-i6dzq1\"><rect x=\"1\" y=\"3\" width=\"15\" height=\"13\"><\/rect><polygon points=\"16 8 20 8 23 11 23 16 16 16 16 8\"><\/polygon><circle cx=\"5.5\" cy=\"18.5\" r=\"2.5\"><\/circle><circle cx=\"18.5\" cy=\"18.5\" r=\"2.5\"><\/circle><\/svg>","service_title":"Free shipping","service_url":""}},"16074273460650f878-1":{"type":"our_services","settings":{"service_icon":"<svg viewbox=\"0 0 24 24\" width=\"28\" height=\"28\" stroke=\"currentColor\" stroke-width=\"1.5\" fill=\"none\" stroke-linecap=\"round\" stroke-linejoin=\"round\" class=\"css-i6dzq1\"><rect x=\"3\" y=\"11\" width=\"18\" height=\"11\" rx=\"2\" ry=\"2\"><\/rect><path d=\"M7 11V7a5 5 0 0 1 10 0v4\"><\/path><\/svg>","service_title":"Secure checkout","service_url":""}},"47255695-0806-4e68-8abe-edd96ab7be12":{"type":"our_services","settings":{"service_icon":"<svg viewbox=\"0 0 24 24\" width=\"28\" height=\"28\" stroke=\"currentColor\" stroke-width=\"1.5\" fill=\"none\" stroke-linecap=\"round\" stroke-linejoin=\"round\" class=\"css-i6dzq1\"><polyline points=\"1 4 1 10 7 10\"><\/polyline><path d=\"M3.51 15a9 9 0 1 0 2.13-9.36L1 10\"><\/path><\/svg>","service_title":"EASY returns","service_url":""}},"e1aa224e-2402-4bd0-8c75-dc77715336a3":{"type":"our_services","settings":{"service_icon":"<svg viewbox=\"0 0 24 24\" width=\"28\" height=\"28\" stroke=\"currentColor\" stroke-width=\"1.5\" fill=\"none\" stroke-linecap=\"round\" stroke-linejoin=\"round\" class=\"css-i6dzq1\"><path d=\"M20.24 12.24a6 6 0 0 0-8.49-8.49L5 10.5V19h8.5z\"><\/path><line x1=\"16\" y1=\"8\" x2=\"2\" y2=\"22\"><\/line><line x1=\"17.5\" y1=\"15\" x2=\"9\" y2=\"15\"><\/line><\/svg>","service_title":"100% organic","service_url":""}}},"block_order":["16074273460650f878-0","16074273460650f878-1","47255695-0806-4e68-8abe-edd96ab7be12","e1aa224e-2402-4bd0-8c75-dc77715336a3"],"settings":{"section_padding_top":80,"section_padding_bottom":80,"section_padding_top_xs":50,"section_padding_bottom_xs":50}},"16206226140a8f05d0":{"type":"catrgory-section","blocks":{"530a2704-af32-4595-a79e-03098b20dfd6":{"type":"product_tab","settings":{"slider_category_handle":"sunflower-seeds","cat_img":"shopify:\/\/shop_images\/8_b04c1f32-2368-4d5f-a660-ac51682c58e3.jpg"}},"70de4baa-9692-45e5-af82-0966c9011e81":{"type":"product_tab","settings":{"slider_category_handle":"best-sale","cat_img":"shopify:\/\/shop_images\/2_355952ad-b7bb-4728-a6aa-71464eb0546c.jpg"}},"40debdef-1d0e-4068-a627-9268f180522c":{"type":"product_tab","settings":{"slider_category_handle":"golden-dhaniya","cat_img":"shopify:\/\/shop_images\/3_5b463d1c-f2dd-4ba0-8aa6-2a3c61d8788f.jpg"}},"ca3ba927-0ce1-4bdd-a1e5-c203ee51a64d":{"type":"product_tab","settings":{"slider_category_handle":"carambola","cat_img":"shopify:\/\/shop_images\/7_4cfe5e29-ffd0-4418-bbf4-d75a88886928.jpg"}},"9a23e3dd-db15-4acc-8780-6ae74a8cc332":{"type":"product_tab","settings":{"slider_category_handle":"deal-collection","cat_img":"shopify:\/\/shop_images\/5_ff8a8b30-1dce-40c1-87dd-dcf926fb673d.jpg"}},"30941723-56dc-4c6b-b2d9-73d90a9de991":{"type":"product_tab","settings":{"slider_category_handle":"aelsu","cat_img":"shopify:\/\/shop_images\/4_a0e38c51-205e-4c05-b63f-fe340b121811.jpg"}},"a5fc2aef-1bd5-4740-b528-672981633040":{"type":"product_tab","settings":{"slider_category_handle":"green-dhaniya","cat_img":"shopify:\/\/shop_images\/4_a0e38c51-205e-4c05-b63f-fe340b121811.jpg"}},"c006607e-ac7a-47d0-a760-b6c0030a5a0a":{"type":"product_tab","settings":{"slider_category_handle":"haldi-powder","cat_img":"shopify:\/\/shop_images\/6_eadd959d-8bc5-4901-ba80-a9006de0e960.jpg"}},"a9a51379-f939-44ec-ace0-1d3e9dedca76":{"type":"product_tab","settings":{"slider_category_handle":"new-product","cat_img":"shopify:\/\/shop_images\/1_fff5710f-4f63-40c2-a2bf-24c95978e116.jpg"}}},"block_order":["530a2704-af32-4595-a79e-03098b20dfd6","70de4baa-9692-45e5-af82-0966c9011e81","40debdef-1d0e-4068-a627-9268f180522c","ca3ba927-0ce1-4bdd-a1e5-c203ee51a64d","9a23e3dd-db15-4acc-8780-6ae74a8cc332","30941723-56dc-4c6b-b2d9-73d90a9de991","a5fc2aef-1bd5-4740-b528-672981633040","c006607e-ac7a-47d0-a760-b6c0030a5a0a","a9a51379-f939-44ec-ace0-1d3e9dedca76"],"settings":{"section_padding_top":80,"section_padding_bottom":80,"section_padding_top_xs":50,"section_padding_bottom_xs":50,"our_ser_bgcolor":"rgba(0,0,0,0)","slider_cat_title":"Our categories","loop":true,"autoplay":true,"autoplay_time":5000}},"404-template":{"type":"404-template","settings":{}},"terms-conditions":{"type":"terms-conditions","settings":{"terms_condi_title":"Terms & Conditions"}},"wishlist":{"type":"wishlist","settings":{}},"1622269286672952e3":{"type":"blog-home","settings":{"section_padding_top":80,"section_padding_bottom":80,"section_padding_top_xs":50,"section_padding_bottom_xs":50,"section_ttsub":"Latest article","section_title":"Blog on organic <br>\nhealthy foods","blog_bgcolor":"#f9f8f4","blog":"news","loop":true,"autoplay":true,"autoplay_time":5000}},"password-header":{"type":"password-header","settings":{"logo":"shopify:\/\/shop_images\/logo9_bfa6e473-4d69-4196-b711-6125e0f83623.png","pwd_heder_soon_title":"Coming soon"}},"password-content":{"type":"password-content","settings":{"newsletter_enable":true,"newsletter_form_heading":"Be the first to know when we launch.","newsletter_form_subheading":"Promotions, new products and sales. Directly to your inbox.","newsletter_placeholder":"Email address","newsletter_button_text":"Notify me"}},"password-footer":{"type":"password-footer","settings":{"show_share_buttons":true,"social_message":"Spread the word"}},"16351569127b8028fd":{"type":"banner-grid","blocks":{"859d8a3e-b6f2-4966-bd08-10a84b40a3c4":{"type":"simple_single","settings":{"banner_img":"shopify:\/\/shop_images\/banners-1.png","text_color":"#333333","banner_title":"Organic <br>\nvegetables","banner_button_text":"Shop now","banner_url":"shopify:\/\/collections\/sunflower-seeds"}},"cfea3c15-32c6-4f77-9a5b-484502cd24a6":{"type":"banner_middel","settings":{"banner_img":"shopify:\/\/shop_images\/banners-2.png","text_color":"#ffffff","banner_sub_title":"Delivery in 2 hours","banner_off":"20%off","banner_title":"Free delivery on <br>\norders above $100","banner_button_text":"Order now","banner_url":"shopify:\/\/collections\/golden-dhaniya"}},"5699778e-37b1-4073-a58d-ecf5d2e3c1d8":{"type":"simple_single","settings":{"banner_img":"shopify:\/\/shop_images\/banners-3.png","text_color":"#333333","banner_title":"Oraganic <br>\nfresh fruit","banner_button_text":"SHOP NOW","banner_url":"shopify:\/\/collections\/haldi-powder"}}},"block_order":["859d8a3e-b6f2-4966-bd08-10a84b40a3c4","cfea3c15-32c6-4f77-9a5b-484502cd24a6","5699778e-37b1-4073-a58d-ecf5d2e3c1d8"],"settings":{"section_padding_top":80,"section_padding_bottom":80,"section_padding_top_xs":50,"section_padding_bottom_xs":50}},"1660365514146b8f31":{"type":"testimonials","blocks":{"d53fc2a9-851d-47d9-a57c-6447310e84b3":{"type":"single_slide","settings":{"testimonial_image":"shopify:\/\/shop_images\/testimonial-1.jpg","testi_authrtitle":"Shuvohasan49","testi_author_subtitle":"Store manager","testi_desc":"Lorem Ipsum is simply dummy text of the printing\nand typesetting industry. Lorem Ipsum has been\nthe industry's standard dummy text ever."}},"e21becde-a19c-4258-b189-444aa93d9687":{"type":"single_slide","settings":{"testimonial_image":"shopify:\/\/shop_images\/testimonial-2.jpg","testi_authrtitle":"Bottegasfusi","testi_author_subtitle":"Marketing manager","testi_desc":"Lorem Ipsum is simply dummy text of the printing\nand typesetting industry. Lorem Ipsum has been\nthe industry's standard dummy text ever."}},"87879f54-0b23-4e88-aab1-aef5eb13924d":{"type":"single_slide","settings":{"testimonial_image":"shopify:\/\/shop_images\/testimonial-4.jpg","testi_authrtitle":"Dipncatering","testi_author_subtitle":"Sales manager","testi_desc":"Lorem Ipsum is simply dummy text of the printing\nand typesetting industry. Lorem Ipsum has been\nthe industry's standard dummy text ever."}},"158033d2-03f7-4abb-84cd-22c5988881f2":{"type":"single_slide","settings":{"testimonial_image":"shopify:\/\/shop_images\/testimonial-3.jpg","testi_authrtitle":"Flyinghedgehog","testi_author_subtitle":"Store manager","testi_desc":"Lorem Ipsum is simply dummy text of the printing\nand typesetting industry. Lorem Ipsum has been\nthe industry's standard dummy text ever."}}},"block_order":["d53fc2a9-851d-47d9-a57c-6447310e84b3","e21becde-a19c-4258-b189-444aa93d9687","87879f54-0b23-4e88-aab1-aef5eb13924d","158033d2-03f7-4abb-84cd-22c5988881f2"],"settings":{"section_padding_top":80,"section_padding_bottom":80,"section_padding_top_xs":50,"section_padding_bottom_xs":50,"testi_title1":"Customer reviews","timer_bg_img":"shopify:\/\/shop_images\/Deal_of_the_day.jpg","section_ttsub":"HURRY UP!","section_title":"HOT DEAL!  <br>UP TO <b>30% OFF<\/b>","product_mont":"January","product_year":"2025","product_date":"30","deal_btn":"Shop now","collection_url":"shopify:\/\/collections\/sunflower-seeds","testi_bg_color":"#91b656","testi_text_color":"#ffffff","loop":true,"autoplay":true,"autoplay_time":5000}}},"content_for_index":["16074273321a68b44a","16351569127b8028fd","1537092551066","16206226140a8f05d0","1660365514146b8f31","1622269286672952e3","16074273460650f878"],"blocks":{"14060646107696862457":{"type":"shopify:\/\/apps\/judge-me-reviews\/blocks\/judgeme_core\/61ccd3b1-a9f2-4160-9fe9-4fec8413e5d8","disabled":false,"settings":{}}}},"presets":{"Default":{"ajax_cart_method":"drawer","cart_notes_enable":true,"color_body_bg":"#fff","color_body_text":"#333333","color_borders":"#e5e5e5","color_footer_bg":"#f2f2f2","color_footer_social_link":"#bbbbbb","color_footer_text":"#636363","color_primary":"#747474","color_secondary":"#bbb","favicon_enable":false,"footer_newsletter_enable":true,"footer_social_enable":true,"logo_use_image":false,"social_facebook_link":"","social_twitter_link":""}}}