{"sections":{"collection-template":{"type":"collection-template","settings":{"collection_bgcolor":"rgba(0,0,0,0)","collection_bgcolor_enable":false,"products_limit_handle":20,"collection_info_enable":true,"custom_image":"shopify:\/\/shop_images\/collection-banner_f0b61018-6d7b-4842-ba79-d5bb7456e337.jpg","custom_image_enable":true,"banner_enable":true,"collection_desc":"Lorem Ipsum is simply dummy text of the printing and typesetting industry. Lorem Ipsum has been the industry's standard dummy text ever since the 1500s, when an unknown printer took a galley of type and scrambled it to make a type specimen book","collection_desc_enable":false,"tab_bar_enable":true,"short_by_enable":true,"sidebar_handle":"left_sidebar_handle","collection_categories_title":"Categories","collection_categories_enable":true,"sidebar_banner_img":"shopify:\/\/shop_images\/collection-banner2.jpg","sidebar_banner_url":"shopify:\/\/collections\/all","sidebar_banner_enable":true}}},"order":["collection-template"]}