{"current":{"color_primary":"#7da63f","color_secondary":"#222222","color_body_bg":"#fff","heading_text_color":"#222222","body_font_handle":"poppins_n4","body_custom_font_handle_enable":true,"body_custom_font_handle":"Poppins","header_font_handle":"poppins_n5","header_custom_font_handle_enable":true,"header_custom_font_handle":"Poppins","paragraph_font_handle":"poppins_n4","paragraph_custom_font_handle_enable":true,"paragraph_custom_font_handle":"Poppins","enable_rtl":false,"enable_box":false,"body_bgcolor":"#ffffff","body_bgcolor_enable":true,"body_bgimg":"shopify:\/\/shop_images\/box-bg.png","body_bgimg_enable":true,"body_boxshadow_enable":true,"google_analytic_enable":true,"google_tracking_id":"UA-110326897-1","logo_header":"shopify:\/\/shop_images\/logo-10.svg","logo_footer":"shopify:\/\/shop_images\/logo-10.svg","topbar_notification_enable":true,"notification_bg_image":"","notification_bg_color":"#f2f3ee","notification_text_color":"#666666","custom_link1":"About","custom_link_url1":"shopify:\/\/pages\/about-us","custom_link2":"Contact","custom_link_url2":"shopify:\/\/pages\/contact-us","custom_link_url3":"shopify:\/\/pages\/contact-us","custom_link_url4":"\/account","custom_link_url5":"shopify:\/\/pages\/wishlist","favicon":"shopify:\/\/shop_images\/favicon.png","newsletter_popup_enable":false,"newsletter_bg_img":"shopify:\/\/shop_images\/news-bg_2.jpg","newletter_popup_title":"Become a subscriber","newsletter_text":"Subscribe to get the notification of latest posts","email_placeholder":"Your email address","newsletter_button_name":"Subscribe","payment_picker":"visa, paypal, master, apple_pay, american_express","day_title":"Day","hour_title":"Hrs","minute_title":"Min","second_title":"Sec","count_text_enable":true,"section_subtitle":"Limited Quantities","section_title":"Deal of the Day","image_ratio":"portrait","enable_hover_product":true,"show_cart_note":true,"is_free_shipping_bar":true,"breadcrumb_banner_enable":true,"breadcrumb_banner_image":"","breadcrumb_banner_bg":"#fafafa","breadcrumb_banner_overlay_color":"#000000","breadcrumb_banner_opacity":0,"breadcurmb_page_title_color":"#717171","social_icon_1_name":"fa fa-whatsapp","social_icon_1_link":"https:\/\/www.whatsapp.com","social_icon_2_name":"fa fa-facebook-f","social_icon_2_link":"https:\/\/web.facebook.com","social_icon_3_name":"fa fa-twitter","social_icon_3_link":"https:\/\/twitter.com","social_icon_4_name":"fa fa-instagram","social_icon_4_link":"https:\/\/www.instagram.com","social_icon_5_name":"fa fa-pinterest-p","social_icon_5_link":"https:\/\/pinterest.com","social_icon_6_name":"fa fa-youtube","social_icon_6_link":"https:\/\/www.youtube.com","wishlist_page_url":"shopify:\/\/pages\/wishlist","wishlist_enable":true,"wishlist_title":"Wishlist","blog_read_btn":"Read more","blog_image_ratio":"portrait","login_sub_text":"Please login below account detail","dnt_acc_title":"Don't have an account?","acc_opacity":0.1,"log_term_con_syn":"*","log_term_con_text":"Terms & conditions.","log_term_con_url":"shopify:\/\/pages\/terms-conditions","log_pri_pol_desc":"Your privacy and security are important to us. For more information on how we use your data read our","log_pri_pol_text":"privacy policy","log_pri_pol_url":"shopify:\/\/pages\/privacy-policy","register_sub_text":"Please register below account detail","alredy_acc_title":"Already an account holder?","customer_logout_title":"Logout","section_padding_top":80,"section_padding_bottom":80,"section_padding_top_xs":60,"section_padding_bottom_xs":60,"checkout_header_image":"","checkout_logo_image":"","checkout_logo_position":"left","checkout_logo_size":"medium","checkout_body_background_image":"","checkout_body_background_color":"#ffffff","checkout_input_background_color_mode":"white","checkout_sidebar_background_image":"","checkout_sidebar_background_color":"#fafafa","checkout_heading_font":"-apple-system, BlinkMacSystemFont, 'Segoe UI', Roboto, Helvetica, Arial, sans-serif, 'Apple Color Emoji', 'Segoe UI Emoji', 'Segoe UI Symbol'","checkout_body_font":"-apple-system, BlinkMacSystemFont, 'Segoe UI', Roboto, Helvetica, Arial, sans-serif, 'Apple Color Emoji', 'Segoe UI Emoji', 'Segoe UI Symbol'","checkout_accent_color":"#5fa800","checkout_button_color":"#5fa800","checkout_error_color":"#e32c2b","breadcrumb_padding_top":"10","breadcrumb_padding_bottom":"10","breadcrumb_padding_top_xs":"10","breadcrumb_padding_bottom_xs":"10","breadcurmb_title_color":"#717171","active_breadcurmb_page_title_color":"#80bb01","blog_comment_icon":"<svg xmlns=\"http:\/\/www.w3.org\/2000\/svg\" viewbox=\"0 0 24 24\" fill=\"none\" stroke=\"currentColor\" stroke-width=\"2\" stroke-linecap=\"round\" stroke-linejoin=\"round\" class=\"feather feather-message-circle\"><path d=\"M21 11.5a8.38 8.38 0 0 1-.9 3.8 8.5 8.5 0 0 1-7.6 4.7 8.38 8.38 0 0 1-3.8-.9L3 21l1.9-5.7a8.38 8.38 0 0 1-.9-3.8 8.5 8.5 0 0 1 4.7-7.6 8.38 8.38 0 0 1 3.8-.9h.5a8.48 8.48 0 0 1 8 8v.5z\"><\/path><\/svg>","other_font_handle":"poppins_n6","logo_header_svg_url":"logo-10.svg","logo_footer_svg_url":"logo-10.svg","search_title":"Search","blog_search_placeholder":"Search blog","archive_title":"Archive","recent_title":"Recent post","recent_post_limit_handle":"5","blog_tags_title":"Tags","blog_tags_list_limit_handle":"15","add_wishlit_title":"Add wishlist","loading_wishlist":"Loding..","remove_wishlit_title":"Remove from wishlist","go_to_wishlit_title":"Go to wishlist","wishlist_empty_title1":"Your","wishlist_empty_title2":"wishlist","wishlist_empty_title3":"is currently","wishlist_empty_title4":"empty!","login_request_title":"Please login your account","cart_button_title":"Add to cart","unavailable_title":"Sold out","soldout_button_title":"Sold out","empty_cart":"No products in the cart.","shop_btn_url":"shopify:\/\/collections\/frontpage","shop_btn_text":"Countinue shopping","cart_desc1":"There are","cart_desc2":"products","cart_sub_total":"Sub total:","cart_view":"View cart","cart_checkout":"Checkout","product_quickview_enalbe":true,"review_enable":true,"button_title":"Go to home page","button_url":"\/","multi_currency_enable":false,"enable_preloader":false,"preloader_style":"Style_3","preloader_bg":"#ffffff","preloader_color":"#000000","preloader_border_color":"#ffffff","preloader_border_width":"5px","newsletter_action":"","one_day_popup_enable":true,"newsletter_img":"shopify:\/\/shop_images\/logo9_bfa6e473-4d69-4196-b711-6125e0f83623.png","newsletter_overlay_bgcolor":"#ffffff","newsletter_overlay_opacicty":0.1,"popup_newsletter_title_color":"#cd7752","popup_newsletter_description_color":"#000000","input_fild_border_color":"#eee","input_fild_color":"#222222","new_title":"New","sale_title":"Sale","soldout_title":"Soldout","sale_percent_enable":true,"successfull_note":"Added to cart successfully!","view_cart_button2":"View Cart","categories_title":"Categories","social_1_name":"","social_2_name":"","social_3_name":"","social_4_name":"","social_5_name":"","social_6_name":"","social_7_name":"","custom_page_margin_top":"100","custom_page_margin_bottom":"100","section_margin_top_xs":"70","section_margin_bottom_xs":"70","wait_title":"","added_title":"","affiliate_cart_button_title":"","color_button":"#ffffff","notification_text":"Free Shipping Orders From All item","qcv_add_to_cart_text":"","qcv_cart_added_text":"","qcv_cart_error_text":"","qcv_cart_wait_text":"","enable_growave":false,"growave_social_login":false,"wishlist_type":"1","review_app":"none","notification_button_name":"","notification_button_url":"","topbar_color_1":"rgba(0,0,0,0)","topbar_color_2":"rgba(0,0,0,0)","notification_overlay_color":"rgba(0,0,0,0)","categories_list_limit_hanlde":"50","vendors_title":"Vendors","vendors_list_limit_hanlde":"50","types_title":"Products Types","types_list_limit_hanlde":"50","color_title":"Color","color_picker":"DarkKhaki,\nBurlyWood,\nAntiqueWhite,\nGrey,\nLightSeaGreen,\nLightSalmon,\nFloralWhite,\nDarkSeaGreen,\nPaleVioletRed,\nPaleGoldenRod,\nMistyRose,\nSkyBlue,\nSilver,\nLinen,\nSkyBlue,\nSilver,\nSeaShell,\nTomato,\nThistle,\nSnow,\nWhite,\nSandyBrown,\nBlack,\nRosyBrown,\nPowderBlue,\nPapayaWhip,\nPink,\nRosyBrown,\nLinen,\nLightSlateGrey,\nMaroon,\nLightSteelBlue,\nWhite,\nBlack,","colors_list_limit_hanlde":"50","size_title":"Size","size_picker":"1\/kg,\n5\/kg,\n2\/kg,\n3\",\n4\",\n5\",\n9\",\n2.5\",\n8cm,\n9cm,\n10cm,\n15cm,\n9x6,\n12x10,\n5x5,\n30x30,\n18x18,\n20x20,\n15cm,\n6cm,\n2cm,\n30x30,\n35x35,\n15x24,\n1\/kg,\n2\/kg,\n5\/kg,\n11\",12\",8\",\n15\",16\",28\",\n12rose,\n24rose,\n48rose,","size_list_limit_hanlde":"50","tags_title":"Tags","tags_list_limit_hanlde":"50","best_product_limit_hanlde":"","best_product__title":"Best product","best_product_limit_hanlde5":"3","notification_overlay_opacity":0,"notificaction_button_bg_color":"#61ab00","notificaction_button_border_color":"#61ab00","notificaction_button_color":"#ffffff","notificaction_button_hover_bg_color":"rgba(0,0,0,0)","notificaction_button_hover_border_color":"#61ab00","notificaction_button_hover_color":"#61ab00","notificaction_close_button_bg_color":"","notificaction_close_button_border_color":"rgba(0,0,0,0)","notificaction_close_button_color":"#ffffff","notificaction_close_button_hover_bg_color":"rgba(0,0,0,0)","notificaction_close_button_hover_border_color":"rgba(0,0,0,0)","notificaction_close_button_hover_color":"#ffffff","button_name":"Subscribe","newsletter_overlay_color":"#000","newsletter_button_bg_color":"#d92542","newsletter_button_color":"#ffffff","newsletter_button_hover_bg_color":"#232323","newsletter_button_hover_color":"#fff","close_icon_color":"#ffffff","recent_post_title":"Recent post","wishlist_empty_title":"Your wishlist is currently empty!","notification_overlay_rgb_colo":"#000000","notification_overlay_rgb_color":"0, 0, 0","product_quickview_description_enable":true,"paragraph_font":"raleway_n4","body_font":"alfie_n4","type_header_font":"abril_fatface_n4","heading_font":"alfie_n4","breadcrumb_banner_image_enable":false,"cart_notes_enable":true,"cart_vendor_enable":false,"logo_use_image":false,"logo_max_width":"450","favicon_enable":false,"color_body_text":"#333333","color_borders":"#e5e5e5","color_footer_bg":"#f2f2f2","color_footer_social_link":"#bbbbbb","color_footer_text":"#636363","sections":{"header":{"type":"header","settings":{"sitcky_switch":true,"main_menu_selected":"main-menu","vega_menu_selected":"vegamenu","cat_menu_selected":"category-menu","searchbar_checkbox":true,"header_bgcolor":"rgba(0,0,0,0)","browse_cat_title":"Best seller"}},"footer":{"type":"footer","blocks":{"1584526592848":{"type":"footer_menu","settings":{"footer_menu_title":"Categories","footer_menu_handle":"footer"}},"1584526598784":{"type":"footer_menu","settings":{"footer_menu_title":"Account","footer_menu_handle":"footer-menu2"}},"1584526605479":{"type":"footer_menu","settings":{"footer_menu_title":"Service","footer_menu_handle":"footer-menu3"}}},"block_order":["1584526592848","1584526598784","1584526605479"],"settings":{"section_padding_top":80,"section_padding_bottom":80,"section_padding_top_xs":50,"section_padding_bottom_xs":50,"footer_bg_img":"shopify:\/\/shop_images\/footer_background.jpg","footer_bg_img_enable":true,"footer_bg_color":"#ffffff","logo_description1":"702,gunjal complex, near deccan","logo_description2":"gymkhan, shivaji nagar.","call_number":"(+94)0123 456 789","mail_id":"demo@demo.com","footer_newsletter_title":"Social media","footer_pay_title":"Payment"}},"collection-template":{"type":"collection-template","settings":{"products_limit_handle":18,"collection_info_enable":false,"tab_bar_enable":true,"short_by_enable":true,"sidebar_handle":"left_sidebar_handle","sidebar_banner_url":"https:\/\/vegina-store.myshopify.com\/collections\/cat8\/products\/orange-juice-5ltr"}},"product-template":{"type":"product-template","settings":{"zoom_enable":true}},"related-product":{"type":"related-product","settings":{"related_title":"Related Product"}},"blog-template":{"type":"blog-template","settings":{"blog_news_column":"2","blog_news_limit_handle":6,"blog_news_cmt":"Comment","recent_post_enable":true,"tags_enable":true}},"article-template":{"type":"article-template","settings":{"article_through":"By","article_cmt":"Comments","article_cmt_send":"Sending","article_cmt_done":"Done!","article_avtar_enable":false,"comment_post_limit_handle":"5","sidebar_handle":"left_sidebar_handle","recent_post_enable":true,"tags_enable":true}},"1537092551066":{"type":"featured-product","blocks":{"1584168950333":{"type":"product_tab","settings":{"tab_product":"special-product"}},"1592830767075":{"type":"product_tab","settings":{"tab_product":"new-product"}},"1574764873111":{"type":"product_tab","settings":{"tab_product":"green-powder"}},"2f07a712-bf09-47b3-8e06-7158b3e1f96a":{"type":"product_tab","settings":{"tab_product":"pistachios-dry-fruits"}}},"block_order":["1584168950333","1592830767075","1574764873111","2f07a712-bf09-47b3-8e06-7158b3e1f96a"],"settings":{"section_padding_top":80,"section_padding_bottom":0,"section_padding_top_xs":50,"section_padding_bottom_xs":0,"section_title":"Healthy vegetables","featured_product_limit_handle":"24","pro_tab_bg_color":"rgba(0,0,0,0)"}},"counter-up":{"type":"counter-up","blocks":{"1537597842798":{"type":"single_item","settings":{"counter_number":"21","counter_main_text_color":"#cf3333","counter_title":"Years In Business","counter_text_color":"#ffffff"}},"1537597845293":{"type":"single_item","settings":{"counter_number":"210","counter_main_text_color":"#ffffff","counter_title":"Clients And Partners","counter_text_color":"#ffffff"}},"1537597873829":{"type":"single_item","settings":{"counter_number":"18","counter_main_text_color":"#ffffff","counter_title":"Show Room","counter_text_color":"#ffffff"}},"1537597889189":{"type":"single_item","settings":{"counter_number":"17","counter_main_text_color":"#ffffff","counter_title":"Billon Sales","counter_text_color":"#ffffff"}}},"block_order":["1537597842798","1537597845293","1537597873829","1537597889189"],"settings":{"counter_bgcolor_check":true,"counter_bgcolor":"#cd7752"}},"testimonial":{"type":"testimonial","blocks":{"1537598169399":{"type":"single_slide","settings":{"testi_authrtitle":"Friendly Support","testi_desc":"“ Impedit, ratione sequi, sunt incidunt magnam et. Delectus obcaecati optio eius error libero perferendis nesciunt atque dolores magni recusandae! Doloremque quidem error eum quis similique doloribus natus qui ut ipsum. ”"}},"1537598222077":{"type":"single_slide","settings":{"testi_authrtitle":"Friendly Support","testi_desc":"“ Impedit, ratione sequi, sunt incidunt magnam et. Delectus obcaecati optio eius error libero perferendis nesciunt atque dolores magni recusandae! Doloremque quidem error eum quis similique doloribus natus qui ut ipsum. ”"}},"1576749321995":{"type":"single_slide","settings":{"testi_authrtitle":"Friendly Support","testi_desc":"“ Impedit, ratione sequi, sunt incidunt magnam et. Delectus obcaecati optio eius error libero perferendis nesciunt atque dolores magni recusandae! Doloremque quidem error eum quis similique doloribus natus qui ut ipsum. ”"}}},"block_order":["1537598169399","1537598222077","1576749321995"],"settings":{"testi_title1":"Customer <span>Reviews<\/span>"}},"brand-logo":{"type":"brand-logo","blocks":{"1578114441052":{"type":"single_brand","settings":{"brand_image":"shopify:\/\/shop_images\/l8.png"}},"1578114454082":{"type":"single_brand","settings":{"brand_image":"shopify:\/\/shop_images\/l1.png"}},"1578114460303":{"type":"single_brand","settings":{"brand_image":"shopify:\/\/shop_images\/l6.png"}},"1578114465107":{"type":"single_brand","settings":{"brand_image":"shopify:\/\/shop_images\/l3.png"}},"1578114470202":{"type":"single_brand","settings":{"brand_image":"shopify:\/\/shop_images\/l7.png"}}},"block_order":["1578114441052","1578114454082","1578114460303","1578114465107","1578114470202"],"settings":{"brand_title":"Our <span>Brand<\/span>","brand_bgcolor":"#ffffff"}},"contact-template":{"type":"contact-template","blocks":{"1537611083413":{"type":"contact_info","settings":{"info_icon":"fa fa-street-view","info_title":"Address","info_des":"255 Parker St.\nEnglishtown, NJ 07726"}},"1537611091444":{"type":"contact_info","settings":{"info_icon":"fa fa-phone","info_title":"Phone","info_des":"+1234568999"}},"1537611143786":{"type":"contact_info","settings":{"info_icon":"fa fa-envelope","info_title":"Email","info_des":"yoursite@demo.com"}}},"block_order":["1537611083413","1537611091444","1537611143786"],"settings":{"contact_us_title":"Contact Us","contact_us_des":"","contact_us_map_enable":true,"contact_drop_title":"Drop us message","name_placeholder":"Enter your name","email_placeholder":"Enter your email address","message_placeholder":"Your message here...","form_button_name":"Submit","form_btn_icon":"fa fa-arrow-right","contact_form_title":"Get in Touch","contact_form_desc":"Lorem ipsum dolor sit amet, consectetur adipisicing elit. Rerum earum eveniet dolorum suscipit nesciunt incidunt animi repudiandae ab at, tenetur distinctio voluptate vel illo similique."}},"faq":{"type":"faq","blocks":{"1537765826500":{"type":"accordion_area","settings":{"accordion_title":"What is a’s return policy?","accordion_ans1":"Our 100% buyer protection program allows for easy returns Only for products not as per description\/photo on the website and products which you received in damaged\/defective\/broken\" condition."}},"1584105510529":{"type":"accordion_area","settings":{"accordion_title":"How to raise dispute for an order?","accordion_ans1":"You can raise a dispute within 7 days of delivery, in either of by sending an email to support@a.com with images of broken\/defective\/damaged products within 7 days of delivery, please mention your order number in the email and sign into your a account if you are a registered customer (Easy method)."}},"1584105539331":{"type":"accordion_area","settings":{"accordion_title":"When will i be refunded?","accordion_ans1":"Reverse pickup orders We will initiate refund once the item is picked up by our courier partner."}},"1584105624501":{"type":"accordion_area","settings":{"accordion_title":"What are the shipping charges?","accordion_ans1":"Delivery charge varies with each product. Most of product FREE delivery in India."}},"1584105641154":{"type":"accordion_area","settings":{"accordion_title":"What is the estimated delivery time?","accordion_ans1":"The estimated time of delivery is within 7 working days for domestic orders and 15-20 working days for international orders. All orders get shipped within 4 to 5 days from the warehouse."}},"1584105656048":{"type":"accordion_area","settings":{"accordion_title":"How will the delivery be done?","accordion_ans1":"We try to process all deliveries through reputed courier companies like Bluedart, Aramex,E-come, DTDC, DHL and Fedex. In some cases, your pincode is not serviceable by these courier companies, we use Indian Speed Post for those deliveries."}},"1584105669751":{"type":"accordion_area","settings":{"accordion_title":"How are items packaged?","accordion_ans1":"All items are carefully packaged as to avoid any form of damage."}},"1584105687854":{"type":"accordion_area","settings":{"accordion_title":"Who would be responsible for paying local taxes in countries outside of India?","accordion_ans1":"Customs duty & other international taxes etc. if applicable will have to be borne by the customer according to the laws of the land."}},"1584105992587":{"type":"accordion_area","settings":{"accordion_title":"How do i pay for a a’s purchase?","accordion_ans1":"a offers you multiple payment methods. Whatever your online mode of payment, you can trust assured that a's trusted payment gateway partners use secure encryption technology to keep your transaction details confidential at all times."}},"1584106005312":{"type":"accordion_area","settings":{"accordion_title":"Can i make a credit\/debit card or Internet Banking payment through my mobile?","accordion_ans1":"Yes, you can make credit card payments through the a mobile site. a uses 256-bit encryption technology to protect your card information while securely transmitting it to the secure and trusted payment gateways managed by leading banks."}},"1584106020747":{"type":"accordion_area","settings":{"accordion_title":"Is it safe to use my credit\/debit card on a?","accordion_ans1":"Is it safe to use my credit\/debit card on a?"}},"1584106032104":{"type":"accordion_area","settings":{"accordion_title":"Does Craftsvilla store my credit card information?","accordion_ans1":"No, a does not collect or store your account information at all. Your transaction is authorized at multiple points, first by EBS\/CCavenue and subsequently by Visa\/MasterCard\/Amex secure directly without any information passing through us."}}},"block_order":["1537765826500","1584105510529","1584105539331","1584105624501","1584105641154","1584105656048","1584105669751","1584105687854","1584105992587","1584106005312","1584106020747","1584106032104"],"settings":{"faq_title":"FAQ's"}},"list-collection-template":{"type":"list-collection-template","settings":{}},"copyright":{"type":"copyright","settings":{"foot_bt_bg_color":"#f2f3ee","foot_bt_txt_color":"#222222","store_label_text":"Store time","store_time1":"Mon-Fri-8:00am to 9:00pm","store_time2":"","copy_right_text":"Copyright © {{ 'now' | date: '%Y' }} by spacingtech"}},"about-template":{"type":"about-template","blocks":{"1584019336826":{"type":"about-description","settings":{"about_banner_des":"There is something about the saree that makes a woman look dignified, glorifying  and every bit stylish. a was set up in the year 2017 with a motive to offer its designer collection at competitive price and merchantable quality to its whole  seller and worldwide online customer."}},"1584019369779":{"type":"about-description","settings":{"about_banner_des":"No matter what your individual style may be, you are sure to find a beautiful saree that will match your taste, given the large collection of stunning Indian sarees that can be worn almost on all the occasions be it wedding, formal parties, Bridal, family get togethers and more!"}},"1584019372626":{"type":"about-description","settings":{"about_banner_des":"a is the trusted online ethnic wears store and feels proud in Indian heritage and cultural diversity in women wears. With so many different styles of drape, so many different patterns and fabric choices, sarees can fill every wardrobe with much needed variety. When in doubt, it’s your best bet at looking elegant and put-together. Every state in India and worldwide are put together to cater best in terms of Indian fashion trends and women clothing range."}},"1584089892795":{"type":"about-description","settings":{"about_banner_des":"a goals is the all worldwide delivered to ethnic wears for women. Celebrate big fat Indian occasions such as Diwali, Navratri, Durga Puja, Holi and marriage celebration with our evergreen collection of online Indian ethnic wears for women. A wide Variety of option are available at the click of mouse."}},"1584089930264":{"type":"about-description","settings":{"about_banner_des":"a is a great online destination to explore its extraordinary collection for sarees and other ehnic wears the best part is the site has the most competitive price and a wide eclectic range of products guaranteed to satisfy every customer. a ensures excellent delivery services to its buyer in a good condition and in a prompt manner."}},"1584089941943":{"type":"about-description","settings":{"about_banner_des":"a collection is also available in the overseas market (USA, UK, Europe, Australia, Southeast Asia, Dubai, Srilanka and other countries) under the brand name of a."}}},"block_order":["1584019336826","1584019369779","1584019372626","1584089892795","1584089930264","1584089941943"],"settings":{"about_product_title":"What We Do?","about_des":"Lorem ipsum dolor sit amet, consectetur adipiscing elit. Praesent sed libero vel ex maximus vulputate nec eu ligula. Vestibulum elementum nisi ut fermentum lobortis. Sed quis iaculis felis.","about_banner_img":"shopify:\/\/shop_images\/about-page.jpg"}},"our-services":{"type":"our-services","blocks":{"1584020358986":{"type":"our_services","settings":{"service_icon":"ti-truck","service_title":"Free Delivery"}},"1584020378213":{"type":"our_services","settings":{"service_icon":"ti-money","service_title":"Return & refund"}},"1584020412685":{"type":"our_services","settings":{"service_icon":"ti-headphone","service_title":"Quality Support"}},"1584020427136":{"type":"our_services","settings":{"service_icon":"ti-email","service_title":"Join Newslleter"}}},"block_order":["1584020358986","1584020378213","1584020412685","1584020427136"],"settings":{}},"payment-policy":{"type":"payment-policy","blocks":{"1584100339031":{"type":"payment-policy","settings":{"pay_policy_que":"How do i pay for a Vegist’s purchase?","pay_policy_ans1":"vegist offers you multiple payment methods. Whatever your online mode of payment, you can trust assured that Vegist's trusted payment gateway partners use secure encryption technology to keep your transaction details confidential at all times.","pay_policy_ans2":"You may use Internet Banking, Debit Card, Credit Card and Cash on Delivery to make your purchase. We also accept payments made using Visa, MasterCard, American Express and Any Club credit\/debit cards."}},"1584100428640":{"type":"payment-policy","settings":{"pay_policy_que":"Can i make a credit\/debit card or Internet Banking payment through my mobile?","pay_policy_ans1":"Yes, you can make credit card payments through the Vegist mobile site. Vegist uses 256-bit encryption technology to protect your card information while securely transmitting it to the secure and trusted payment gateways managed by leading banks.","pay_policy_ans2":""}},"1584100489709":{"type":"payment-policy","settings":{"pay_policy_que":"Is it safe to use my credit\/debit card on Vegist?","pay_policy_ans1":"All Credit\/Debit card details remain confidential and private. Vegist and our trusted payment gateways use SSL encryption technology to protect your card information.","pay_policy_ans2":""}},"1584100780485":{"type":"payment-policy","settings":{"pay_policy_que":"Does Craftsvilla store my credit card information?","pay_policy_ans1":"No, Vegist does not collect or store your account information at all. Your transaction is authorized at multiple points, first by EBS\/CCavenue and subsequently by Visa\/MasterCard\/Amex secure directly without any information passing through us.","pay_policy_ans2":""}}},"block_order":["1584100339031","1584100428640","1584100489709","1584100780485"],"settings":{"pay_policy_title":"Payment Policy"}},"shipping-policy":{"type":"shipping-policy","blocks":{"1584101187274":{"type":"shipping-policy","settings":{"ship_policy_que":"What are the shipping charges?","ship_policy_ans1":"Delivery charge varies with each product. Most of product FREE delivery in India.","ship_policy_ans2":"Some items may have a shipping cost depending on the product."}},"1584101354017":{"type":"shipping-policy","settings":{"ship_policy_que":"What is the estimated delivery time?","ship_policy_ans1":"The estimated time of delivery is within 7 working days for domestic orders and 15-20 working days for international orders. All orders get shipped within 4 to 5 days from the warehouse.","ship_policy_ans2":""}},"1584101368115":{"type":"shipping-policy","settings":{"ship_policy_que":"How will the delivery be done?","ship_policy_ans1":"We try to process all deliveries through reputed courier companies like Bluedart, Aramex,E-come, DTDC, DHL and Fedex. In some cases, your pincode is not serviceable by these courier companies, we use Indian Speed Post for those deliveries.","ship_policy_ans2":"If there is no courier service available in your area, we will get in touch with you and try to work out a convenient alternate delivery location that is serviced by our courier partners."}},"1584101384736":{"type":"shipping-policy","settings":{"ship_policy_que":"How are items packaged?","ship_policy_ans1":"All items are carefully packaged as to avoid any form of damage.","ship_policy_ans2":""}},"1584101397220":{"type":"shipping-policy","settings":{"ship_policy_que":"Who would be responsible for paying local taxes in countries outside of India?","ship_policy_ans1":"Customs duty & other international taxes etc. if applicable will have to be borne by the customer according to the laws of the land.","ship_policy_ans2":""}}},"block_order":["1584101187274","1584101354017","1584101368115","1584101384736","1584101397220"],"settings":{"ship_policy_title":"Shipping Policy"}},"privacy-policy":{"type":"privacy-policy","settings":{"privacy_policy_title":"Privacy Policy"}},"return-policy":{"type":"return-policy","blocks":{"1584101983799":{"type":"return-policy","settings":{"ret_policy_que":"What is a’s return policy?","ret_policy_ans1":"Our 100% buyer protection program allows for easy returns Only for products not as per description\/photo on the website and products which you received in damaged\/defective\/broken\" condition.","ret_policy_ans2":"All products must be returned in their original condition along with the bills and labels."}},"1584102004469":{"type":"return-policy","settings":{"ret_policy_que":"How to raise dispute for an order?","ret_policy_ans1":"You can raise a dispute within 7 days of delivery, in either of by sending an email to support@a.com with images of broken\/defective\/damaged products within 7 days of delivery, please mention your order number in the email and sign into your a account if you are a registered customer (Easy method).","ret_policy_ans2":"Product After 7 days Of Delivery Return Can not accepted."}},"1584102042271":{"type":"return-policy","settings":{"ret_policy_que":"When will i be refunded?","ret_policy_ans1":"Reverse pickup orders We will initiate refund once the item is picked up by our courier partner.","ret_policy_ans2":"Self ship orders We will refund when your item back from warehouse. The refund amount wii be credited within 3 to 5 working days in your a Acoount."}}},"block_order":["1584101983799","1584102004469","1584102042271"],"settings":{"ret_policy_title":"Return Policy"}},"slider":{"type":"slider","blocks":{"1595848291294":{"type":"slide","settings":{"slider_bg_img":"shopify:\/\/shop_images\/slider9.jpg","slider_sub_title":"Fresh Meant","slider_subtitle_color":"#222222","slider_title_color":"#222222","slider_button":"Shop Now","slider_button_url":"shopify:\/\/products\/hmd-colection-watch","slider_content_position":"left"}},"1596173719352":{"type":"slide","settings":{"slider_bg_img":"shopify:\/\/shop_images\/slider7.jpg","slider_sub_title":"Top Selling!","slider_subtitle_color":"#000000","slider_title_color":"#232323","slider_button":"Shop Now","slider_content_position":"left"}},"1595499013841":{"type":"slide","settings":{"slider_bg_img":"shopify:\/\/shop_images\/slider8.jpg","slider_sub_title":"Summer juice","slider_subtitle_color":"#000000","slider_title_color":"#000000","slider_button":"Shop Now","slider_button_url":"shopify:\/\/products\/orange-juice-5ltr","slider_content_position":"left"}}},"block_order":["1595848291294","1596173719352","1595499013841"],"settings":{}},"banner-grid":{"type":"banner-grid","blocks":{"1595595241484":{"type":"full_width_banner","settings":{"banner_img":"shopify:\/\/shop_images\/banner13.jpg","banner_label":"Winter Fruits","text_color":"#333333","banner_title":"Oranges and monstera <br><span>Flats 25% Discount<\/span>","banner_button_text":"SHOP NOW","banner_url":"shopify:\/\/products\/fresh-green-orange"}},"1595595252409":{"type":"full_width_banner","settings":{"banner_img":"shopify:\/\/shop_images\/banner14.jpg","banner_label":"Prod Of India","text_color":"#333333","banner_title":"Organic Fresh Drinks <br><span>Get 30% Off on Your Order<\/span>","banner_button_text":"SHOP NOW","banner_url":"shopify:\/\/products\/bantch-blazar-hint"}}},"block_order":["1595595241484","1595595252409"],"settings":{}},"featured-product":{"type":"featured-product","blocks":{"1595502127128":{"type":"product_tab","settings":{"tab_product":"fruits"}},"1595502134148":{"type":"product_tab","settings":{"tab_product":"salads"}},"1595502144285":{"type":"product_tab","settings":{"tab_product":"frontpage"}}},"block_order":["1595502127128","1595502134148","1595502144285"],"settings":{"section_title":"Featured Products","featured_product_limit_handle":"10"}},"blog-home":{"type":"blog-home","settings":{"blog_bgcolor":"rgba(0,0,0,0)"}},"16074273321a68b44a":{"type":"slider","blocks":{"16074273321a68b44a-0":{"type":"slide","settings":{"slider_bg_img":"shopify:\/\/shop_images\/slider29_47a5ff95-9689-4ce0-84cd-f8e01344a4d6.jpg","slider_img":"shopify:\/\/shop_images\/mobileslider-1_f272da8a-f38a-4e54-8bae-8f6169ee8cb5.jpg","slider_sub_title":"Fresh & healthy","slider_subtitle_color":"#7da63f","slider_title":"Healthiest <br>\nvegetables","slider_title_color":"#333333","slider_button":"Order now","slider_button_url":"shopify:\/\/collections\/golden-dhaniya","slider_content_position":"left"}},"e6886dc6-82df-4a3c-a0dc-c776063ad30c":{"type":"slide","settings":{"slider_bg_img":"shopify:\/\/shop_images\/slider30.jpg","slider_img":"shopify:\/\/shop_images\/mobileslider-2_32be894a-38fe-4682-808c-72502581f50f.jpg","slider_sub_title":"100% organic","slider_subtitle_color":"#7da63f","slider_title":"Delicious <br>ingredients","slider_title_color":"#232323","slider_button":"Shop now","slider_button_url":"shopify:\/\/collections\/deal-collection","slider_content_position":"left"}},"dce68497-601e-4f37-9dcf-3f7c68aba8b3":{"type":"slide","settings":{"slider_bg_img":"shopify:\/\/shop_images\/slider31.jpg","slider_img":"shopify:\/\/shop_images\/mobileslider-3_f839e879-a181-4b7d-90e2-0850f776317a.jpg","slider_sub_title":"Fresh meat","slider_subtitle_color":"#7da63f","slider_title":"Spices for <br>cooking","slider_title_color":"#333333","slider_button":"Shop now","slider_button_url":"shopify:\/\/collections\/golden-dhaniya","slider_content_position":"left"}}},"block_order":["16074273321a68b44a-0","e6886dc6-82df-4a3c-a0dc-c776063ad30c","dce68497-601e-4f37-9dcf-3f7c68aba8b3"],"settings":{"loop":true,"autoplay":true,"autoplay_time":5000,"autoplay_speed":1000,"nav":true,"dots":true}},"16074273460650f878":{"type":"our-services","blocks":{"16074273460650f878-0":{"type":"our_services","settings":{"service_icon":"<svg xmlns=\"http:\/\/www.w3.org\/2000\/svg\" version=\"1.0\" viewbox=\"0 0 512.000000 512.000000\" preserveaspectratio=\"xMidYMid meet\">\n<metadata>\nCreated by potrace 1.16, written by Peter Selinger 2001-2019\n<\/metadata>\n<g transform=\"translate(0.000000,512.000000) scale(0.100000,-0.100000)\">\n<path d=\"M740 3900 c-13 -13 -20 -33 -20 -60 0 -27 7 -47 20 -60 20 -20 33 -20 1155 -20 1250 0 1192 3 1214 -60 8 -24 11 -270 11 -866 l0 -834 -1080 0 -1080 0 0 300 c0 287 -1 301 -20 320 -13 13 -33 20 -60 20 -27 0 -47 -7 -60 -20 -19 -19 -20 -33 -20 -540 0 -507 1 -521 20 -540 19 -19 33 -20 360 -20 316 0 341 -1 346 -17 36 -117 113 -211 215 -265 62 -32 68 -33 179 -33 111 0 117 1 178 33 81 42 142 103 184 184 32 61 33 67 33 178 0 110 -1 117 -33 178 l-32 62 550 0 550 0 -29 -62 c-17 -35 -32 -71 -35 -80 -5 -17 -32 -18 -386 -18 -367 0 -381 -1 -400 -20 -13 -13 -20 -33 -20 -60 0 -27 7 -47 20 -60 19 -19 33 -20 400 -20 354 0 381 -1 386 -17 36 -117 113 -211 215 -265 62 -32 68 -33 179 -33 111 0 117 1 178 33 81 42 142 103 184 184 32 61 33 67 33 178 0 110 -1 117 -33 178 l-32 62 275 0 275 0 0 -80 0 -80 -140 0 c-127 0 -142 -2 -160 -20 -27 -27 -27 -93 0 -120 19 -19 33 -20 220 -20 188 0 201 1 220 20 20 20 21 29 18 578 l-3 557 -29 60 c-38 77 -114 153 -191 191 -58 28 -65 29 -237 32 l-176 4 -4 176 c-3 172 -4 179 -32 237 -38 77 -114 153 -191 191 l-60 29 -257 3 -258 3 0 70 c0 40 -7 85 -16 107 -20 49 -70 100 -119 123 -38 18 -92 19 -1212 19 -1160 0 -1173 0 -1193 -20z m3030 -486 c25 -12 59 -37 77 -55 54 -58 66 -98 71 -256 l5 -143 -222 0 c-208 0 -222 -1 -241 -20 -24 -24 -27 -87 -6 -116 14 -18 34 -19 463 -24 430 -5 450 -6 493 -26 54 -26 103 -75 127 -129 15 -35 18 -79 21 -342 l4 -303 -641 0 -641 0 0 721 0 721 223 -4 c200 -3 226 -6 267 -24z m-2209 -1636 c-17 -35 -32 -71 -35 -80 -5 -17 -27 -18 -286 -18 l-280 0 0 80 0 80 315 0 315 0 -29 -62z m447 36 c85 -35 142 -120 142 -214 0 -129 -101 -230 -230 -230 -202 0 -306 242 -167 389 64 67 171 90 255 55z m1760 0 c85 -35 142 -120 142 -214 0 -203 -242 -306 -389 -167 -149 142 -49 396 157 397 29 0 69 -7 90 -16z\"><\/path>\n<path d=\"M420 3580 c-13 -13 -20 -33 -20 -60 0 -27 7 -47 20 -60 19 -19 33 -20 540 -20 507 0 521 1 540 20 13 13 20 33 20 60 0 27 -7 47 -20 60 -19 19 -33 20 -540 20 -507 0 -521 -1 -540 -20z\"><\/path>\n<path d=\"M580 3260 c-13 -13 -20 -33 -20 -60 0 -27 7 -47 20 -60 20 -20 33 -20 620 -20 587 0 600 0 620 20 27 27 27 93 0 120 -20 20 -33 20 -620 20 -587 0 -600 0 -620 -20z\"><\/path>\n<path d=\"M740 2940 c-13 -13 -20 -33 -20 -60 0 -27 7 -47 20 -60 20 -20 33 -20 620 -20 587 0 600 0 620 20 27 27 27 93 0 120 -20 20 -33 20 -620 20 -587 0 -600 0 -620 -20z\"><\/path>\n<\/g>\n<\/svg>","service_title":"Free shipping","service_desc":"Lorem Ipsum is simply"}},"16074273460650f878-1":{"type":"our_services","settings":{"service_icon":"<svg xmlns=\"http:\/\/www.w3.org\/2000\/svg\" version=\"1.0\" viewbox=\"0 0 512.000000 512.000000\" preserveaspectratio=\"xMidYMid meet\">\n<metadata>\nCreated by potrace 1.16, written by Peter Selinger 2001-2019\n<\/metadata>\n<g transform=\"translate(0.000000,512.000000) scale(0.100000,-0.100000)\">\n<path d=\"M2457 4546 c-45 -17 -52 -22 -182 -147 -172 -164 -231 -188 -490 -198 -202 -8 -234 -17 -298 -79 -72 -69 -80 -95 -88 -297 -6 -161 -10 -188 -34 -255 -38 -103 -63 -139 -182 -263 -143 -148 -175 -228 -139 -350 14 -49 31 -72 123 -169 126 -134 176 -208 204 -299 l20 -67 -415 -499 -416 -498 2 -44 c2 -34 9 -48 30 -64 l27 -20 403 37 c222 20 408 36 415 36 6 0 69 -172 138 -383 76 -226 136 -391 148 -404 22 -25 74 -31 108 -13 11 7 118 211 271 521 l251 509 26 -24 c52 -48 90 -61 181 -61 91 0 129 13 181 61 l25 24 253 -510 c148 -300 260 -514 271 -520 33 -18 85 -12 107 13 12 13 74 182 148 405 70 210 133 382 139 382 6 0 192 -16 414 -36 l403 -37 27 20 c21 16 28 30 30 64 l2 44 -416 498 -415 499 20 67 c28 91 78 165 204 299 92 97 109 120 123 169 19 66 14 132 -15 197 -11 26 -64 91 -130 160 -172 180 -200 247 -210 511 -8 202 -16 228 -88 297 -64 62 -96 71 -298 79 -263 10 -315 32 -501 210 -62 59 -128 116 -146 125 -44 23 -180 29 -231 10z m246 -254 c117 -112 168 -149 270 -197 100 -47 200 -65 359 -65 115 0 137 -3 166 -20 18 -11 36 -30 41 -43 5 -12 11 -94 14 -182 6 -173 19 -240 67 -342 42 -91 82 -146 191 -258 100 -105 115 -129 105 -172 -4 -13 -58 -79 -121 -145 -98 -102 -122 -134 -160 -211 -63 -129 -76 -186 -82 -372 -6 -169 -14 -204 -56 -227 -13 -7 -91 -15 -202 -19 -147 -6 -192 -11 -245 -29 -134 -46 -197 -88 -342 -227 -100 -96 -110 -103 -148 -103 -38 0 -48 7 -148 103 -145 139 -208 181 -342 227 -53 18 -98 23 -245 29 -111 4 -189 12 -202 19 -42 23 -50 58 -56 227 -6 178 -19 240 -72 354 -43 90 -73 129 -190 251 -51 52 -96 105 -100 118 -13 43 5 74 103 176 201 209 249 321 259 601 3 88 9 170 14 182 5 13 23 32 41 43 29 17 51 20 166 20 159 0 259 18 359 65 102 48 153 85 270 197 95 92 104 98 143 98 39 0 48 -6 143 -98z m-1271 -2277 c24 -45 77 -91 130 -115 38 -17 75 -21 205 -26 87 -3 184 -12 217 -20 68 -16 184 -75 215 -108 l22 -23 -212 -429 -211 -429 -110 328 c-89 265 -114 331 -134 343 -21 15 -52 13 -360 -15 -185 -18 -339 -30 -341 -27 -3 2 118 152 268 331 l273 328 11 -54 c6 -30 18 -67 27 -84z m2568 -191 c149 -179 270 -328 267 -330 -2 -3 -156 10 -341 27 -307 28 -339 29 -360 15 -20 -12 -45 -78 -134 -343 l-110 -328 -212 430 -211 430 33 28 c36 31 109 71 172 94 26 10 107 18 224 24 150 7 192 13 230 29 87 39 146 115 159 205 3 25 7 45 8 45 2 0 125 -147 275 -326z\"><\/path>\n<path d=\"M2460 4039 c-174 -16 -372 -91 -507 -193 -333 -252 -480 -699 -362 -1101 88 -298 343 -563 640 -664 125 -43 218 -55 377 -48 149 6 251 29 377 86 139 63 308 195 320 251 7 32 -15 84 -40 94 -46 17 -76 6 -153 -59 -84 -72 -238 -154 -337 -181 -34 -9 -117 -19 -191 -21 -111 -4 -143 -2 -215 16 -303 76 -537 305 -625 611 -14 50 -18 97 -18 205 0 123 4 151 28 230 71 234 223 417 431 519 298 148 641 112 899 -93 197 -157 316 -411 316 -674 0 -87 2 -95 25 -117 37 -34 90 -33 121 4 22 25 24 36 24 125 0 190 -49 370 -146 533 -66 112 -220 268 -333 336 -183 111 -405 161 -631 141z\"><\/path>\n<path d=\"M2514 3719 c-59 -17 -80 -52 -133 -213 l-50 -151 -173 -5 c-187 -5 -201 -9 -239 -67 -23 -34 -25 -112 -5 -151 8 -15 73 -70 145 -122 72 -52 130 -99 127 -105 -2 -5 -25 -76 -51 -157 -46 -140 -48 -150 -36 -190 23 -76 94 -119 174 -104 18 3 87 46 156 96 69 50 131 88 138 86 7 -3 67 -44 133 -92 96 -69 129 -87 164 -91 79 -9 146 42 162 123 4 22 -9 75 -45 185 -28 84 -47 156 -43 160 4 3 62 46 130 94 68 49 130 101 138 116 21 41 18 115 -6 154 -35 56 -68 65 -248 65 l-160 0 -52 154 c-55 167 -75 198 -139 216 -41 11 -45 11 -87 -1z m91 -356 c22 -70 49 -139 61 -153 22 -24 26 -25 175 -30 l154 -5 -110 -79 c-61 -44 -116 -86 -122 -94 -22 -27 -14 -84 27 -207 22 -65 38 -120 36 -123 -3 -2 -55 34 -117 79 -149 110 -148 110 -298 1 -62 -46 -115 -81 -117 -79 -2 2 14 57 36 122 41 123 49 180 28 207 -7 8 -62 50 -123 94 l-110 79 154 5 c148 5 153 6 174 30 12 14 40 83 62 152 22 70 42 128 45 128 3 0 23 -57 45 -127z\"><\/path>\n<path d=\"M3340 2708 c-49 -53 -10 -138 62 -138 53 0 83 28 83 80 0 32 -6 47 -24 61 -33 27 -94 25 -121 -3z\"><\/path>\n<\/g>\n<g transform=\"translate(0.000000,512.000000) scale(0.100000,-0.100000)\">\n<path d=\"M2457 4546 c-45 -17 -52 -22 -182 -147 -172 -164 -231 -188 -490 -198 -202 -8 -234 -17 -298 -79 -72 -69 -80 -95 -88 -297 -6 -161 -10 -188 -34 -255 -38 -103 -63 -139 -182 -263 -143 -148 -175 -228 -139 -350 14 -49 31 -72 123 -169 126 -134 176 -208 204 -299 l20 -67 -415 -499 -416 -498 2 -44 c2 -34 9 -48 30 -64 l27 -20 403 37 c222 20 408 36 415 36 6 0 69 -172 138 -383 76 -226 136 -391 148 -404 22 -25 74 -31 108 -13 11 7 118 211 271 521 l251 509 26 -24 c52 -48 90 -61 181 -61 91 0 129 13 181 61 l25 24 253 -510 c148 -300 260 -514 271 -520 33 -18 85 -12 107 13 12 13 74 182 148 405 70 210 133 382 139 382 6 0 192 -16 414 -36 l403 -37 27 20 c21 16 28 30 30 64 l2 44 -416 498 -415 499 20 67 c28 91 78 165 204 299 92 97 109 120 123 169 19 66 14 132 -15 197 -11 26 -64 91 -130 160 -172 180 -200 247 -210 511 -8 202 -16 228 -88 297 -64 62 -96 71 -298 79 -263 10 -315 32 -501 210 -62 59 -128 116 -146 125 -44 23 -180 29 -231 10z m246 -254 c117 -112 168 -149 270 -197 100 -47 200 -65 359 -65 115 0 137 -3 166 -20 18 -11 36 -30 41 -43 5 -12 11 -94 14 -182 6 -173 19 -240 67 -342 42 -91 82 -146 191 -258 100 -105 115 -129 105 -172 -4 -13 -58 -79 -121 -145 -98 -102 -122 -134 -160 -211 -63 -129 -76 -186 -82 -372 -6 -169 -14 -204 -56 -227 -13 -7 -91 -15 -202 -19 -147 -6 -192 -11 -245 -29 -134 -46 -197 -88 -342 -227 -100 -96 -110 -103 -148 -103 -38 0 -48 7 -148 103 -145 139 -208 181 -342 227 -53 18 -98 23 -245 29 -111 4 -189 12 -202 19 -42 23 -50 58 -56 227 -6 178 -19 240 -72 354 -43 90 -73 129 -190 251 -51 52 -96 105 -100 118 -13 43 5 74 103 176 201 209 249 321 259 601 3 88 9 170 14 182 5 13 23 32 41 43 29 17 51 20 166 20 159 0 259 18 359 65 102 48 153 85 270 197 95 92 104 98 143 98 39 0 48 -6 143 -98z m-1271 -2277 c24 -45 77 -91 130 -115 38 -17 75 -21 205 -26 87 -3 184 -12 217 -20 68 -16 184 -75 215 -108 l22 -23 -212 -429 -211 -429 -110 328 c-89 265 -114 331 -134 343 -21 15 -52 13 -360 -15 -185 -18 -339 -30 -341 -27 -3 2 118 152 268 331 l273 328 11 -54 c6 -30 18 -67 27 -84z m2568 -191 c149 -179 270 -328 267 -330 -2 -3 -156 10 -341 27 -307 28 -339 29 -360 15 -20 -12 -45 -78 -134 -343 l-110 -328 -212 430 -211 430 33 28 c36 31 109 71 172 94 26 10 107 18 224 24 150 7 192 13 230 29 87 39 146 115 159 205 3 25 7 45 8 45 2 0 125 -147 275 -326z\"><\/path>\n<path d=\"M2460 4039 c-174 -16 -372 -91 -507 -193 -333 -252 -480 -699 -362 -1101 88 -298 343 -563 640 -664 125 -43 218 -55 377 -48 149 6 251 29 377 86 139 63 308 195 320 251 7 32 -15 84 -40 94 -46 17 -76 6 -153 -59 -84 -72 -238 -154 -337 -181 -34 -9 -117 -19 -191 -21 -111 -4 -143 -2 -215 16 -303 76 -537 305 -625 611 -14 50 -18 97 -18 205 0 123 4 151 28 230 71 234 223 417 431 519 298 148 641 112 899 -93 197 -157 316 -411 316 -674 0 -87 2 -95 25 -117 37 -34 90 -33 121 4 22 25 24 36 24 125 0 190 -49 370 -146 533 -66 112 -220 268 -333 336 -183 111 -405 161 -631 141z\"><\/path>\n<path d=\"M2514 3719 c-59 -17 -80 -52 -133 -213 l-50 -151 -173 -5 c-187 -5 -201 -9 -239 -67 -23 -34 -25 -112 -5 -151 8 -15 73 -70 145 -122 72 -52 130 -99 127 -105 -2 -5 -25 -76 -51 -157 -46 -140 -48 -150 -36 -190 23 -76 94 -119 174 -104 18 3 87 46 156 96 69 50 131 88 138 86 7 -3 67 -44 133 -92 96 -69 129 -87 164 -91 79 -9 146 42 162 123 4 22 -9 75 -45 185 -28 84 -47 156 -43 160 4 3 62 46 130 94 68 49 130 101 138 116 21 41 18 115 -6 154 -35 56 -68 65 -248 65 l-160 0 -52 154 c-55 167 -75 198 -139 216 -41 11 -45 11 -87 -1z m91 -356 c22 -70 49 -139 61 -153 22 -24 26 -25 175 -30 l154 -5 -110 -79 c-61 -44 -116 -86 -122 -94 -22 -27 -14 -84 27 -207 22 -65 38 -120 36 -123 -3 -2 -55 34 -117 79 -149 110 -148 110 -298 1 -62 -46 -115 -81 -117 -79 -2 2 14 57 36 122 41 123 49 180 28 207 -7 8 -62 50 -123 94 l-110 79 154 5 c148 5 153 6 174 30 12 14 40 83 62 152 22 70 42 128 45 128 3 0 23 -57 45 -127z\"><\/path>\n<path d=\"M3340 2708 c-49 -53 -10 -138 62 -138 53 0 83 28 83 80 0 32 -6 47 -24 61 -33 27 -94 25 -121 -3z\"><\/path>\n<\/g><\/svg>","service_title":"100% Pure vegetable","service_desc":"Lorem Ipsum is simply"}},"47255695-0806-4e68-8abe-edd96ab7be12":{"type":"our_services","settings":{"service_icon":"<svg xmlns=\"http:\/\/www.w3.org\/2000\/svg\" version=\"1.0\" viewbox=\"0 0 512.000000 512.000000\" preserveaspectratio=\"xMidYMid meet\">\n<metadata>\nCreated by potrace 1.16, written by Peter Selinger 2001-2019\n<\/metadata>\n<g transform=\"translate(0.000000,512.000000) scale(0.100000,-0.100000)\">\n<path d=\"M1337 4544 c-174 -39 -277 -94 -397 -214 -176 -176 -260 -402 -247 -671 7 -147 23 -214 82 -334 83 -168 231 -334 387 -435 l85 -55 -243 -245 c-216 -218 -247 -254 -276 -315 -31 -65 -33 -77 -33 -176 0 -101 1 -108 37 -180 35 -70 70 -106 650 -685 713 -711 660 -669 848 -669 174 0 184 6 452 272 215 214 218 217 218 259 0 34 -5 47 -26 63 -58 46 -69 39 -293 -183 -121 -119 -223 -212 -248 -225 -54 -27 -142 -28 -198 -2 -57 27 -1238 1212 -1260 1263 -21 52 -19 133 5 182 13 27 250 272 712 733 l693 693 735 -735 735 -735 -283 -283 c-250 -250 -282 -286 -282 -314 0 -17 3 -39 6 -48 10 -24 62 -47 93 -40 19 4 180 159 523 503 475 476 497 500 531 572 19 41 40 100 46 130 11 56 41 732 41 936 0 125 -18 193 -69 266 -16 24 -101 114 -188 200 -176 175 -239 215 -351 225 -60 5 -955 -25 -984 -33 -9 -3 -48 11 -87 30 -214 108 -494 194 -788 242 -144 23 -536 29 -626 8z m488 -165 c211 -20 455 -79 664 -159 l107 -41 -609 -607 c-335 -334 -614 -606 -620 -604 -48 13 -175 109 -262 197 -109 110 -166 196 -210 316 -40 106 -46 270 -16 390 53 210 172 370 336 452 139 69 311 85 610 56z m2055 -273 c19 -10 105 -89 191 -175 123 -124 159 -166 174 -204 18 -47 18 -68 6 -450 -16 -518 -21 -570 -60 -653 -24 -51 -58 -92 -170 -207 l-140 -142 -736 735 -735 735 128 128 c125 127 187 178 235 196 21 8 40 1 126 -50 95 -56 287 -196 373 -271 l38 -33 -28 -55 c-24 -49 -27 -66 -27 -160 0 -95 3 -110 29 -162 36 -73 113 -150 185 -185 50 -25 67 -28 161 -28 93 0 112 3 162 27 156 73 251 252 219 415 -23 117 -97 217 -203 273 -58 31 -71 35 -163 37 -86 3 -108 0 -155 -19 l-55 -23 -85 73 c-47 40 -125 101 -173 135 l-88 62 48 3 c171 10 468 20 578 18 105 -1 137 -5 165 -20z m-152 -418 c77 -36 131 -137 117 -219 -4 -22 -21 -61 -38 -86 -123 -181 -405 -79 -385 138 3 27 8 53 12 57 4 4 42 -30 84 -76 69 -74 81 -83 112 -82 45 0 77 22 85 58 9 41 -5 68 -80 152 l-67 75 29 6 c38 8 80 1 131 -23z\"><\/path>\n<path d=\"M2310 2885 c-107 -33 -180 -137 -180 -256 0 -178 109 -282 291 -281 165 2 273 111 273 277 0 84 -24 145 -79 198 -71 69 -198 95 -305 62z m161 -171 c60 -31 73 -118 25 -163 -73 -68 -197 -26 -196 67 1 92 87 140 171 96z\"><\/path>\n<path d=\"M2230 2208 c-520 -140 -711 -195 -727 -211 -52 -48 -15 -137 58 -137 34 0 1408 363 1442 381 20 11 37 49 37 80 0 28 -53 79 -82 78 -13 0 -340 -86 -728 -191z\"><\/path>\n<path d=\"M2017 1896 c-234 -66 -269 -405 -53 -511 146 -72 319 -24 391 107 26 47 30 63 29 138 0 67 -4 94 -21 126 -26 50 -90 108 -140 129 -53 22 -149 28 -206 11z m138 -170 c62 -26 84 -118 39 -167 -27 -30 -85 -44 -128 -29 -93 31 -103 149 -16 192 42 22 60 22 105 4z\"><\/path>\n<path d=\"M3014 1400 c-85 -34 -61 -160 31 -160 94 0 119 126 31 160 -32 12 -34 12 -62 0z\"><\/path>\n<\/g>\n<\/svg>","service_title":"Best prices","service_desc":"Lorem Ipsum is simply"}}},"block_order":["16074273460650f878-0","16074273460650f878-1","47255695-0806-4e68-8abe-edd96ab7be12"],"settings":{"section_padding_top":80,"section_padding_bottom":80,"section_padding_top_xs":50,"section_padding_bottom_xs":50}},"16206226140a8f05d0":{"type":"catrgory-section","blocks":{"530a2704-af32-4595-a79e-03098b20dfd6":{"type":"product_tab","settings":{"slider_category_handle":"sunflower-seeds","collection_img":"shopify:\/\/shop_images\/8.jpg","item_title":"items"}},"70de4baa-9692-45e5-af82-0966c9011e81":{"type":"product_tab","settings":{"slider_category_handle":"best-sale","collection_img":"shopify:\/\/shop_images\/6.jpg","item_title":"items"}},"40debdef-1d0e-4068-a627-9268f180522c":{"type":"product_tab","settings":{"slider_category_handle":"golden-dhaniya","collection_img":"shopify:\/\/shop_images\/2_0db159ce-4d36-4fec-90c5-c98c54a09e5a.jpg","item_title":"items"}},"ca3ba927-0ce1-4bdd-a1e5-c203ee51a64d":{"type":"product_tab","settings":{"slider_category_handle":"carambola","collection_img":"shopify:\/\/shop_images\/1_ff18afeb-7cb8-4c08-b0e2-df8ffab8cff4.jpg","item_title":"items"}},"9a23e3dd-db15-4acc-8780-6ae74a8cc332":{"type":"product_tab","settings":{"slider_category_handle":"deal-collection","collection_img":"shopify:\/\/shop_images\/3.jpg","item_title":"items"}},"30941723-56dc-4c6b-b2d9-73d90a9de991":{"type":"product_tab","settings":{"slider_category_handle":"aelsu","collection_img":"shopify:\/\/shop_images\/5.jpg","item_title":"items"}},"a5fc2aef-1bd5-4740-b528-672981633040":{"type":"product_tab","settings":{"slider_category_handle":"green-dhaniya","collection_img":"shopify:\/\/shop_images\/4.jpg","item_title":"items"}},"c006607e-ac7a-47d0-a760-b6c0030a5a0a":{"type":"product_tab","settings":{"slider_category_handle":"haldi-powder","collection_img":"shopify:\/\/shop_images\/7.jpg","item_title":"items"}},"a9a51379-f939-44ec-ace0-1d3e9dedca76":{"type":"product_tab","settings":{"slider_category_handle":"new-product","collection_img":"shopify:\/\/shop_images\/6.jpg","item_title":"items"}},"5df4ec19-c8bd-46e7-b413-1ce2105bf044":{"type":"product_tab","settings":{"slider_category_handle":"pistachios-dry-fruits","collection_img":"shopify:\/\/shop_images\/3.jpg","item_title":"items"}}},"block_order":["530a2704-af32-4595-a79e-03098b20dfd6","70de4baa-9692-45e5-af82-0966c9011e81","40debdef-1d0e-4068-a627-9268f180522c","ca3ba927-0ce1-4bdd-a1e5-c203ee51a64d","9a23e3dd-db15-4acc-8780-6ae74a8cc332","30941723-56dc-4c6b-b2d9-73d90a9de991","a5fc2aef-1bd5-4740-b528-672981633040","c006607e-ac7a-47d0-a760-b6c0030a5a0a","a9a51379-f939-44ec-ace0-1d3e9dedca76","5df4ec19-c8bd-46e7-b413-1ce2105bf044"],"settings":{"section_padding_top":80,"section_padding_bottom":80,"section_padding_top_xs":50,"section_padding_bottom_xs":50,"section_title":"Shop by categories","banner_img":"shopify:\/\/shop_images\/deal.png","deal_title":"Special deal","product_mont":"January","product_year":"2025","shop_btn":"Shop now","shop_btn_url":"shopify:\/\/collections\/best-sale"}},"terms-conditions":{"type":"terms-conditions","settings":{"terms_condi_title":"Terms & Conditions"}},"wishlist":{"type":"wishlist","settings":{}},"1622269286672952e3":{"type":"blog-home","settings":{"section_padding_top":80,"section_padding_bottom":80,"section_padding_top_xs":50,"section_padding_bottom_xs":50,"blog_title":"Recent news","blog_bgcolor":"#f8f8f8","blog":"news"}},"password-header":{"type":"password-header","settings":{"logo":"shopify:\/\/shop_images\/logo9_bfa6e473-4d69-4196-b711-6125e0f83623.png","pwd_heder_soon_title":"Coming soon"}},"password-content":{"type":"password-content","settings":{"newsletter_enable":true,"newsletter_form_heading":"Be the first to know when we launch.","newsletter_form_subheading":"Promotions, new products and sales. Directly to your inbox.","newsletter_placeholder":"Email address","newsletter_button_text":"Notify me"}},"password-footer":{"type":"password-footer","settings":{"show_share_buttons":true,"social_message":"Spread the word"}},"16351569127b8028fd":{"type":"banner-grid","blocks":{"1f658894-a83a-4b1b-85db-4a252432625c":{"type":"full_width_banner","settings":{"banner_img":"shopify:\/\/shop_images\/banner-1.jpg","label_color":"#d93d1a","banner_label":"Fresh food","text_color":"#333333","banner_title":"Organic and fresh <br> 30% off","banner_button_text":"Shop now","banner_url":"shopify:\/\/collections\/sunflower-seeds","btn_style":"btn1"}},"a503fa8f-09bd-4f69-a0dc-02f110cc3445":{"type":"full_width_banner","settings":{"banner_img":"shopify:\/\/shop_images\/banner-2.jpg","label_color":"#7da63f","banner_label":"Fresh food","text_color":"#333333","banner_title":"Fresh & frosty fruit <br>\ngrab 15% off","banner_button_text":"Shop now","banner_url":"shopify:\/\/collections\/golden-dhaniya","btn_style":"btn2"}},"8f96418d-336a-4da2-a2fc-f0491e2c302f":{"type":"full_width_banner","settings":{"banner_img":"shopify:\/\/shop_images\/banner-3.jpg","label_color":"#d93d1a","banner_label":"Fresh food","text_color":"#222222","banner_title":"Healthy  dry fruits <br>\ntoday 25% off","banner_button_text":"Shop now","banner_url":"shopify:\/\/collections\/carambola","btn_style":"btn1"}}},"block_order":["1f658894-a83a-4b1b-85db-4a252432625c","a503fa8f-09bd-4f69-a0dc-02f110cc3445","8f96418d-336a-4da2-a2fc-f0491e2c302f"],"settings":{"section_padding_top":80,"section_padding_bottom":0,"section_padding_top_xs":50,"section_padding_bottom_xs":0}},"1635396771baaf5f7e":{"type":"testimonial","blocks":{"d53fc2a9-851d-47d9-a57c-6447310e84b3":{"type":"single_slide","settings":{"testimonial_image":"shopify:\/\/shop_images\/testimonial-1.jpg","testi_authrtitle":"Shuvohasan49","testi_author_subtitle":"Store manager","testi_icon":"fa fa-quote-right","testi_desc":"Lorem Ipsum is simply dummy text of the printing\nand typesetting industry. Lorem Ipsum has been\nthe industry's standard dummy text ever."}},"e21becde-a19c-4258-b189-444aa93d9687":{"type":"single_slide","settings":{"testimonial_image":"shopify:\/\/shop_images\/testimonial-2.jpg","testi_authrtitle":"Bottega sfusi","testi_author_subtitle":"Marketing manager","testi_icon":"fa fa-quote-right","testi_desc":"Lorem Ipsum is simply dummy text of the printing\nand typesetting industry. Lorem Ipsum has been\nthe industry's standard dummy text ever."}},"87879f54-0b23-4e88-aab1-aef5eb13924d":{"type":"single_slide","settings":{"testimonial_image":"shopify:\/\/shop_images\/testimonial-4.jpg","testi_authrtitle":"Dipncatering","testi_author_subtitle":"Sales manager","testi_icon":"fa fa-quote-right","testi_desc":"Lorem Ipsum is simply dummy text of the printing\nand typesetting industry. Lorem Ipsum has been\nthe industry's standard dummy text ever."}},"158033d2-03f7-4abb-84cd-22c5988881f2":{"type":"single_slide","settings":{"testimonial_image":"shopify:\/\/shop_images\/testimonial-3.jpg","testi_authrtitle":"Flyinghedgehog","testi_author_subtitle":"Store manager","testi_icon":"fa fa-quote-right","testi_desc":"Lorem Ipsum is simply dummy text of the printing\nand typesetting industry. Lorem Ipsum has been\nthe industry's standard dummy text ever."}}},"block_order":["d53fc2a9-851d-47d9-a57c-6447310e84b3","e21becde-a19c-4258-b189-444aa93d9687","87879f54-0b23-4e88-aab1-aef5eb13924d","158033d2-03f7-4abb-84cd-22c5988881f2"],"settings":{"section_padding_top":80,"section_padding_bottom":0,"section_padding_top_xs":50,"section_padding_bottom_xs":0,"section_bg_color":"#f8f8f8","testi_title1":"Customer reviews"}},"16354172742be47034":{"type":"newsletter","settings":{"section_padding_top":80,"section_padding_bottom":80,"section_padding_top_xs":50,"section_padding_bottom_xs":50,"with_bg_img":true,"news_bg_img":"shopify:\/\/shop_images\/newslatter_background.jpg","newsletter_title":"Newsletter","section_sub_title1":"Subscribe our newsletter  20% off","thanks_title":"THANK YOU FOR SUBSCRIBING!","email_placeholder":"Enter your email"}}},"content_for_index":["16074273321a68b44a","16351569127b8028fd","1537092551066","16206226140a8f05d0","1635396771baaf5f7e","1622269286672952e3","16354172742be47034","16074273460650f878"],"blocks":{"14060646107696862457":{"type":"shopify:\/\/apps\/judge-me-reviews\/blocks\/judgeme_core\/61ccd3b1-a9f2-4160-9fe9-4fec8413e5d8","disabled":false,"settings":{}}}},"presets":{"Default":{"ajax_cart_method":"drawer","cart_notes_enable":true,"color_body_bg":"#fff","color_body_text":"#333333","color_borders":"#e5e5e5","color_footer_bg":"#f2f2f2","color_footer_social_link":"#bbbbbb","color_footer_text":"#636363","color_primary":"#747474","color_secondary":"#bbb","favicon_enable":false,"footer_newsletter_enable":true,"footer_social_enable":true,"logo_use_image":false,"social_facebook_link":"","social_twitter_link":""}}}