{"sections":{"slider":{"type":"slider","blocks":{"5a8a243f-075f-4d10-aabc-f2c35c48f8f1":{"type":"slide","settings":{"slider_bg_img":"shopify:\/\/shop_images\/slider-01.jpg","slider_img":"shopify:\/\/shop_images\/slider-01_0e6d71f5-4ee7-4dd0-9781-f75922109bca.jpg","slider_sub_title":"First 10 sales 10% offer","slider_subtitle_color":"#f0a843","slider_title":"Enjoying grocery","slider_title_color":"#232323","slider_button":"Shop now","slider_button_url":"shopify:\/\/collections\/frontpage","slider_content_position":"left"}},"ea1f95c6-aa48-42f9-8aec-be890aaae3e2":{"type":"slide","settings":{"slider_bg_img":"shopify:\/\/shop_images\/slider-03.jpg","slider_img":"shopify:\/\/shop_images\/slider-03_79349918-a97e-46c7-9fd0-531b158d8352.jpg","slider_sub_title":"Enjoy all the benefits","slider_subtitle_color":"#f0a843","slider_title":"Organic products","slider_title_color":"#232323","slider_button":"Shop now","slider_button_url":"shopify:\/\/collections\/frontpage","slider_content_position":"left"}},"7076fc25-238a-45e7-9b66-91169e177fc9":{"type":"slide","settings":{"slider_bg_img":"shopify:\/\/shop_images\/slider-02.jpg","slider_img":"shopify:\/\/shop_images\/slider-02_c74faf01-88c8-4a5f-8416-773c088ec2af.jpg","slider_sub_title":"Piece of gazpacho","slider_subtitle_color":"#f0a843","slider_title":"Organic vegetable","slider_title_color":"#232323","slider_button":"Shop now","slider_button_url":"shopify:\/\/collections\/frontpage","slider_content_position":"left"}}},"block_order":["5a8a243f-075f-4d10-aabc-f2c35c48f8f1","ea1f95c6-aa48-42f9-8aec-be890aaae3e2","7076fc25-238a-45e7-9b66-91169e177fc9"],"settings":{"loop":true,"autoplay":true,"autoplay_time":5000,"nav":true,"dots":true,"banner_enable":true,"banner_url":"shopify:\/\/collections\/frontpage","banner_img":"shopify:\/\/shop_images\/side-banner-01.jpg","banner_title_color":"#232323","banner_title":"Vegetable supermarket","banner_button_text":"Shop now"}},"ccd4f759-9a55-4f25-be09-6d0d436c41da":{"type":"slider-category","blocks":{"1592908194167":{"type":"category","settings":{"slider_category_handle":"cat1","collection_img":"shopify:\/\/shop_images\/cat2.jpg"}},"1592976896463":{"type":"category","settings":{"slider_category_handle":"cat4","collection_img":"shopify:\/\/shop_images\/cat1.jpg"}},"1592977356788":{"type":"category","settings":{"slider_category_handle":"cat5","collection_img":"shopify:\/\/shop_images\/cat3.jpg"}},"1592909177129":{"type":"category","settings":{"slider_category_handle":"cat3","collection_img":"shopify:\/\/shop_images\/cat4.jpg"}},"1592977369835":{"type":"category","settings":{"slider_category_handle":"cat8","collection_img":"shopify:\/\/shop_images\/cat5.jpg"}},"1592977375254":{"type":"category","settings":{"slider_category_handle":"cat6","collection_img":"shopify:\/\/shop_images\/cat6.jpg"}},"1592977379736":{"type":"category","settings":{"slider_category_handle":"cat2","collection_img":"shopify:\/\/shop_images\/cat7.jpg"}},"1592977385140":{"type":"category","settings":{"slider_category_handle":"cat7","collection_img":"shopify:\/\/shop_images\/cat8.jpg"}},"1592977396395":{"type":"category","settings":{"slider_category_handle":"cat9","collection_img":"shopify:\/\/shop_images\/cat9.jpg"}}},"block_order":["1592908194167","1592976896463","1592977356788","1592909177129","1592977369835","1592977375254","1592977379736","1592977385140","1592977396395"],"settings":{"section_padding_top":80,"section_padding_bottom":0,"section_padding_top_xs":50,"section_padding_bottom_xs":0,"section_bg_color":"rgba(0,0,0,0)","slider_cat_title":"Shop by category"}},"0321e587-0241-4442-bbd2-69845d6f5da9":{"type":"featured-product","blocks":{"232bdab0-5853-45f8-b75b-1e62c137dcaf":{"type":"product_tab","settings":{"tab_product":"cat5"}},"85d30769-313b-4648-bb9c-5326afd8b835":{"type":"product_tab","settings":{"tab_product":"cat4"}},"f6f758b1-517c-4d3f-898b-d94a760d103e":{"type":"product_tab","settings":{"tab_product":"cat9"}}},"block_order":["232bdab0-5853-45f8-b75b-1e62c137dcaf","85d30769-313b-4648-bb9c-5326afd8b835","f6f758b1-517c-4d3f-898b-d94a760d103e"],"settings":{"section_padding_top":80,"section_padding_bottom":0,"section_padding_top_xs":50,"section_padding_bottom_xs":0,"section_title":"Featured products","product_col":"2","featured_product_limit_handle":"20","pro_tab_bg_color":"rgba(0,0,0,0)"}},"2ace6350-8aa7-4fdd-87c9-d7751842baea":{"type":"banner-grid","blocks":{"8e8b90ac-3a73-43c1-9c39-f7a67a9ff0b7":{"type":"full_width_banner","settings":{"banner_img":"shopify:\/\/shop_images\/banner-01_3f0211de-6a81-4271-aef7-45f5f95996da.jpg","banner_subtitle_color":"#d8504b","banner_subtitle":"Fresh farm fruit","banner_title_color":"#232323","banner_title":"Fresh organic fruithouse","banner_button_text":"Shop now","banner_url":"shopify:\/\/collections\/frontpage"}},"25ac04d4-f395-4124-a99c-fe8771759839":{"type":"full_width_banner","settings":{"banner_img":"shopify:\/\/shop_images\/banner-02.jpg","banner_subtitle_color":"#2c7802","banner_subtitle":"Fresh farm vegetables","banner_title_color":"#232323","banner_title":"Organic farmfood","banner_button_text":"Shop now","banner_url":"shopify:\/\/collections\/frontpage"}}},"block_order":["8e8b90ac-3a73-43c1-9c39-f7a67a9ff0b7","25ac04d4-f395-4124-a99c-fe8771759839"],"settings":{"section_padding_top":80,"section_padding_bottom":0,"section_padding_top_xs":50,"section_padding_bottom_xs":0}},"e5bf8916-0a2c-4f3c-a749-92ef3b7435dc":{"type":"new-product","settings":{"section_padding_top":80,"section_padding_bottom":0,"section_padding_top_xs":50,"section_padding_bottom_xs":0,"section_title":"Trending products","category_product_limit_handle":"20","label_product":"frontpage"}},"a4cec964-100c-44d8-ac00-49dc204c7eee":{"type":"brand-logo","blocks":{"0a834594-726d-4a2a-939b-7edca3f4ded1":{"type":"single_brand","settings":{"brand_image":"shopify:\/\/shop_images\/l8.png","brand_url":""}},"f64aa8d6-64ef-4fac-ac81-a28ba45ec7dc":{"type":"single_brand","settings":{"brand_image":"shopify:\/\/shop_images\/l5.png","brand_url":""}},"c333b97b-7efe-4adf-a98d-faba488df057":{"type":"single_brand","settings":{"brand_image":"shopify:\/\/shop_images\/l1.png","brand_url":""}},"63292f5f-8b70-4d87-a2e2-a0f0494cce1c":{"type":"single_brand","settings":{"brand_image":"shopify:\/\/shop_images\/l6.png","brand_url":""}},"473d9cee-2bdd-40c1-a2b3-0930481a30c7":{"type":"single_brand","settings":{"brand_image":"shopify:\/\/shop_images\/l3.png","brand_url":""}},"0c4302f1-e172-4a5d-ab71-d5ab373acc1e":{"type":"single_brand","settings":{"brand_image":"shopify:\/\/shop_images\/l4.png","brand_url":""}},"3ee510f4-1fed-4616-80b4-27494c52cd1c":{"type":"single_brand","settings":{"brand_image":"shopify:\/\/shop_images\/l7.png","brand_url":""}}},"block_order":["0a834594-726d-4a2a-939b-7edca3f4ded1","f64aa8d6-64ef-4fac-ac81-a28ba45ec7dc","c333b97b-7efe-4adf-a98d-faba488df057","63292f5f-8b70-4d87-a2e2-a0f0494cce1c","473d9cee-2bdd-40c1-a2b3-0930481a30c7","0c4302f1-e172-4a5d-ab71-d5ab373acc1e","3ee510f4-1fed-4616-80b4-27494c52cd1c"],"settings":{"section_padding_top":80,"section_padding_bottom":80,"section_padding_top_xs":50,"section_padding_bottom_xs":50}},"deeefba0-bc9d-4d2b-ad81-8170b32dec2c":{"type":"testimonial","blocks":{"1588572481048":{"type":"single_slide","settings":{"testi_img":"shopify:\/\/shop_images\/vegist-testimonial-img-01.png","testi_desc":"Lorem ipsum is simply dummy text of the printing and typesetting industry. Lorem Ipsum has been the industry's standard dummy text ever since the 1500s, when an unknown","testi_authrname":"Knedid setlon"}},"1588580374148":{"type":"single_slide","settings":{"testi_img":"shopify:\/\/shop_images\/vegist-testimonial-img-03.png","testi_desc":"Lorem ipsum is simply dummy text of the printing and typesetting industry. Lorem Ipsum has been the industry's standard dummy text ever since the 1500s, when an unknown","testi_authrname":"Jenny colina"}},"1588580581369":{"type":"single_slide","settings":{"testi_img":"shopify:\/\/shop_images\/vegist-testimonial-img-02.png","testi_desc":"Lorem ipsum is simply dummy text of the printing and typesetting industry. Lorem Ipsum has been the industry's standard dummy text ever since the 1500s, when an unknown","testi_authrname":"Girard Mailak"}},"5283169e-87e4-4608-b135-d4a9953248ea":{"type":"single_slide","settings":{"testi_img":"shopify:\/\/shop_images\/vegist-testimonial-img-04.png","testi_desc":"Lorem ipsum is simply dummy text of the printing and typesetting industry. Lorem Ipsum has been the industry's standard dummy text ever since the 1500s, when an unknown","testi_authrname":"Stenth nicola"}},"de55ddf0-25bb-450a-aa39-8cbc24cea911":{"type":"single_slide","settings":{"testi_img":"shopify:\/\/shop_images\/vegist-testimonial-img-05.png","testi_desc":"Lorem ipsum is simply dummy text of the printing and typesetting industry. Lorem Ipsum has been the industry's standard dummy text ever since the 1500s, when an unknown","testi_authrname":"Smatry linonm"}}},"block_order":["1588572481048","1588580374148","1588580581369","5283169e-87e4-4608-b135-d4a9953248ea","de55ddf0-25bb-450a-aa39-8cbc24cea911"],"settings":{"section_padding_top":80,"section_padding_bottom":80,"section_padding_top_xs":50,"section_padding_bottom_xs":50,"our_ser_bgcolor":"#f8f2eb","testi_title":"What customer say"}},"d60d9d37-1654-435a-8a1e-ea6a93f230e5":{"type":"blog-home","settings":{"section_padding_top":80,"section_padding_bottom":80,"section_padding_top_xs":50,"section_padding_bottom_xs":50,"blog_title":"Recent news","blog_bgcolor":"rgba(0,0,0,0)","blog_cmt":"Comment","blog_view_btn":"View all news","blog_view_btn_url":"shopify:\/\/blogs\/news","blog":"news"}}},"order":["slider","ccd4f759-9a55-4f25-be09-6d0d436c41da","0321e587-0241-4442-bbd2-69845d6f5da9","2ace6350-8aa7-4fdd-87c9-d7751842baea","e5bf8916-0a2c-4f3c-a749-92ef3b7435dc","a4cec964-100c-44d8-ac00-49dc204c7eee","deeefba0-bc9d-4d2b-ad81-8170b32dec2c","d60d9d37-1654-435a-8a1e-ea6a93f230e5"]}