{"sections":{"product-template":{"type":"product-template","blocks":{"title_wrap":{"type":"title_wrap","settings":{}},"product_ratting":{"type":"product_ratting","settings":{}},"6e4752e1-38d7-470f-b5dd-9a0e95c638cb":{"type":"inventory","settings":{"availability_title":"Availability:","inventory_threshold":10,"show_inventory_quantity":true}},"product_price":{"type":"product_price","settings":{}},"short_description":{"type":"short_description","settings":{"short_description":"Lorem Ipsum is simply dummy text of the printing and typesetting industry. Lorem Ipsum has been the industry's standard dummy text ever since the 1500s."}},"swatch_option":{"type":"swatch_option","settings":{"picker_type":"button"}},"1ed4d24d-bc31-4c23-a3b8-c8e6579a6c46":{"type":"quantity_selector","settings":{}},"547a63f9-fa26-4a74-a936-f2f9ba036fc8":{"type":"buy_buttons","settings":{"show_dynamic_checkout":true}},"product_wishlist_BFrYyj":{"type":"product_wishlist","settings":{"wishlist_title":"Wishlist"}},"product_sku":{"type":"product_sku","settings":{"product_sku_title":"SKU:"}},"social_icon":{"type":"social_icon","settings":{"social_share_title":"Share:"}},"payment_img":{"type":"payment_img","settings":{}}},"block_order":["title_wrap","product_ratting","6e4752e1-38d7-470f-b5dd-9a0e95c638cb","product_price","short_description","swatch_option","1ed4d24d-bc31-4c23-a3b8-c8e6579a6c46","547a63f9-fa26-4a74-a936-f2f9ba036fc8","product_wishlist_BFrYyj","product_sku","social_icon","payment_img"],"settings":{"section_padding_top":80,"section_padding_bottom":0,"section_padding_top_xs":50,"section_padding_bottom_xs":0,"zoom_enable":true,"image_ratio":"portrait","service_enable":true,"service_icon1":"<i class=\"ti-truck\"><\/i>","service_title1":"DELIVERY INFO","service_text1":"From then, delivery is generally within 2-10 days, depending on your location.","service_icon2":"<i class=\"ti-money\"><\/i>","service_title2":"30 DAYS RETURNS","service_text2":"Not the right fit? No worries. We'll arrange pick up and a full refund within 7 days including the delivery fee.","service_icon3":"<i class=\"ti-id-badge\"><\/i>","service_title3":"10 YEAR WARRANTY","service_text3":"Quality comes first and our products are designed to last."}},"single-product-tab":{"type":"single-product-tab","blocks":{"product_desc":{"type":"product_desc","settings":{"product_info_tab_title":"Description"}},"c483f605-1ef6-46a1-93f2-ac43c7cd8712":{"type":"additional_information","settings":{"additional_information_title":"Additional information"}},"judge_me_reviews_review_widget_ADKXHm":{"type":"shopify:\/\/apps\/judge-me-reviews\/blocks\/review_widget\/61ccd3b1-a9f2-4160-9fe9-4fec8413e5d8","settings":{}}},"block_order":["product_desc","c483f605-1ef6-46a1-93f2-ac43c7cd8712","judge_me_reviews_review_widget_ADKXHm"],"settings":{"section_padding_top":80,"section_padding_bottom":0,"section_padding_top_xs":50,"section_padding_bottom_xs":0,"product_review_tab_title":"Reviews"}},"related-product":{"type":"related-product","settings":{"section_padding_top":80,"section_padding_bottom":80,"section_padding_top_xs":50,"section_padding_bottom_xs":50,"related_title":"Related product","products_to_show":"8"}}},"order":["product-template","single-product-tab","related-product"]}