{"sections":{"blog-template":{"type":"blog-template","settings":{"container":"normal","section_padding_top":80,"section_padding_bottom":80,"section_padding_top_ip":50,"section_padding_bottom_ip":50,"section_padding_top_xs":50,"section_padding_bottom_xs":50,"section_bgcolor":"rgba(0,0,0,0)","section_bgcolor_enable":false,"blog_news_column":"2","blog_news_limit_handle":6,"blog_news_through":"By","blog_news_read_btn":"Read More","blog_news_cmt":"Comment","sidebar_handle":"left_sidebar_handle","blog_sidebar_position_handle":"sticky_sidebar","blog_search_bar_enable":true,"blog_search_placeholder":"Search","recent_post_enable":true,"recent_title":"Recent posts","recent_post_limit_handle":3,"blog_cat_title":"Categories","blog_cat_handle":"footer","tags_enable":true,"blog_tags_title":"Tags","blog_tags_list_limit_handle":15,"blog_new_enable":true,"blog_new_title":"Newsletter","blog_insta_enable":false,"blog_insta_title":"Instagram","insta_url1":"","insta_url2":"","insta_url3":"","insta_url4":"","insta_url5":"","insta_url6":""}}},"order":["blog-template"]}