{"sections":{"collection-template":{"type":"collection-template","settings":{"collection_bgcolor":"#f6f6f6","collection_bgcolor_enable":false,"products_limit_handle":15,"product_view":"3","product_view_lg":"3","product_view_sm":"2","collection_info_enable":true,"custom_image":"shopify:\/\/shop_images\/collection-banner.jpg","custom_image_enable":true,"banner_enable":true,"collection_desc":"","collection_desc_enable":false,"tab_bar_enable":true,"short_by_enable":true,"sidebar_handle":"left_sidebar_handle","collection_categories_title":"Categories","collection_categories_enable":true,"sidebar_banner_img":"shopify:\/\/shop_images\/side-banner.jpg","sidebar_banner_url":"shopify:\/\/collections\/frontpage","sidebar_banner_enable":true}}},"order":["collection-template"]}