{"sections":{"return-policy":{"type":"return-policy","blocks":{"178fe283-3192-4864-a834-7bf8ebe122d3":{"type":"return-policy","settings":{"ret_policy_que":"What is lorem Ipsum?","ret_policy_ans1":"Lorem Ipsum has been the industry's standard dummy text ever since the 1500s, when an unknown printer took a galley of type and scrambled it to make a type specimen book. It has survived not only five centuries, but also the leap into electronic typesetting, remaining essentially unchanged","ret_policy_ans2":"Lorem Ipsum has been the industry's standard dummy text ever since the 1500s, when an unknown printer took a galley of type and scrambled it to make a type specimen book. It has survived not only five centuries, but also the leap into electronic typesetting, remaining essentially unchanged"}},"5fbb5925-c3f6-445e-a012-bca086de3903":{"type":"return-policy","settings":{"ret_policy_que":"Why do we use it?","ret_policy_ans1":"Lorem Ipsum has been the industry's standard dummy text ever since the 1500s, when an unknown printer took a galley of type and scrambled it to make a type specimen book. It has survived not only five centuries, but also the leap into electronic typesetting, remaining essentially unchanged","ret_policy_ans2":"Lorem Ipsum is simply dummy text of the printing and typesetting industry. Lorem Ipsum has been the industry's standard dummy text ever since the 1500s, when an unknown printer took a galley of type and scrambled it to make a type specimen book. It has survived not only five centuries, but also the leap into electronic typesetting, remaining essentially unchanged"}},"3bfd5bb4-44df-4657-8893-0c09ba0fd38a":{"type":"return-policy","settings":{"ret_policy_que":"Where does it come from?","ret_policy_ans1":"Lorem Ipsum has been the industry's standard dummy text ever since the 1500s, when an unknown printer took a galley of type and scrambled it to make a type specimen book. It has survived not only five centuries, but also the leap into electronic typesetting, remaining essentially unchanged","ret_policy_ans2":"Lorem Ipsum has been the industry's standard dummy text ever since the 1500s, when an unknown printer took a galley of type and scrambled it to make a type specimen book. It has survived not only five centuries, but also the leap into electronic typesetting, remaining essentially unchanged"}},"4a194c96-b761-4522-976b-3ea56651a861":{"type":"return-policy","settings":{"ret_policy_que":"Where can I get some?","ret_policy_ans1":"Lorem Ipsum has been the industry's standard dummy text ever since the 1500s, when an unknown printer took a galley of type and scrambled it to make a type specimen book. It has survived not only five centuries, but also the leap into electronic typesetting, remaining essentially unchanged","ret_policy_ans2":"Lorem Ipsum has been the industry's standard dummy text ever since the 1500s, when an unknown printer took a galley of type and scrambled it to make a type specimen book. It has survived not only five centuries, but also the leap into electronic typesetting, remaining essentially unchanged"}},"e52a3380-7b25-48e3-8bbc-652ea3ade2f8":{"type":"return-policy","settings":{"ret_policy_que":"What is lorem Ipsum?","ret_policy_ans1":"Lorem Ipsum has been the industry's standard dummy text ever since the 1500s, when an unknown printer took a galley of type and scrambled it to make a type specimen book. It has survived not only five centuries, but also the leap into electronic typesetting, remaining essentially unchanged","ret_policy_ans2":"Lorem Ipsum has been the industry's standard dummy text ever since the 1500s, when an unknown printer took a galley of type and scrambled it to make a type specimen book. It has survived not only five centuries, but also the leap into electronic typesetting, remaining essentially unchanged"}}},"block_order":["178fe283-3192-4864-a834-7bf8ebe122d3","5fbb5925-c3f6-445e-a012-bca086de3903","3bfd5bb4-44df-4657-8893-0c09ba0fd38a","4a194c96-b761-4522-976b-3ea56651a861","e52a3380-7b25-48e3-8bbc-652ea3ade2f8"],"settings":{"ret_policy_title":"Return policy"}}},"order":["return-policy"]}